"   ","OWNER_NUM","CONTRACT_ITEM_NUM","INPUT_STACKING_NUM","PICK_NUM","RESOURCE_NUM","PRODUCT_DSCR","SHOPSIGN","STACKING_WEIGHT","WEIGHT_THEO","STACKING_COUNT","DELIVERY_DATE_CHR","DEPT_ID","EXTSYSID","EXTSYSSTACKID","OPTFLAG","INSERT_TIME","TIME_RECEIVE","ZY_INSERT_TIME","DEPTID","DOWNLOADFLAG","VEHICLE_CODE","RED_STACKING_DATE","PRODUCT_ADRESS","TRANS_COMMISSION_SUBID","GETFLAG","CONSIGNEE_NUM","CONSIGNEE_NAME","SETTLE_FLAG"
"1","GM0","TI15130503005","F013029997","3F01306280101","I3E0011898","直发卷","SA414M GR.G","17.89","0","1","20130628","00","GM0","00100","0","2013/6/28 10:36:30","2013/6/28 10:36:30","2013/6/28 10:36:30","0101","0","30627007&@梅盛2188","0","梅钢公司热轧厂","TC13070100280004","","000425","上海宝钢钢材贸易有限公司",""
"2","GM0","TI15130503049","F013030002","3F01306280101","I3E0011987","直发卷","SA414M GR.G","17.84","0","1","20130628","00","GM0","00100","0","2013/6/28 10:36:31","2013/6/28 10:36:31","2013/6/28 10:36:31","0101","0","30627007&@梅盛2188","0","梅钢公司热轧厂","TC13070100256003","","000425","上海宝钢钢材贸易有限公司",""
"3","GM0","TI15130503005","F013029644","3F01306260401","I3E0011898","直发卷","SA414M GR.G","17.71","0","1","20130627","00","GM0","00100","0","2013/6/27 6:36:25","2013/6/27 6:36:25","2013/6/27 6:36:25","0101","0","30626002&@梅盛1588","0","梅钢公司热轧厂","TC13070100280003","","000425","上海宝钢钢材贸易有限公司",""
"4","GM0","TI15130503049","F013029645","3F01306260401","I3E0011987","直发卷","SA414M GR.G","17.8","0","1","20130627","00","GM0","00100","0","2013/6/27 6:36:26","2013/6/27 6:36:26","2013/6/27 6:36:26","0101","0","30626002&@梅盛1588","0","梅钢公司热轧厂","TC13070100256002","","000425","上海宝钢钢材贸易有限公司",""
"5","GM0","TI15130503005","F013029651","3F01306260401","I3E0011898","直发卷","SA414M GR.G","17.53","0","1","20130627","00","GM0","00100","0","2013/6/27 6:36:26","2013/6/27 6:36:26","2013/6/27 6:36:26","0101","0","30626002&@梅盛1588","0","梅钢公司热轧厂","TC13070100280003","","000425","上海宝钢钢材贸易有限公司",""
"6","GM0","TI15130503049","F013029652","3F01306260401","I3E0011987","直发卷","SA414M GR.G","35.42","0","2","20130627","00","GM0","00100","0","2013/6/27 6:36:27","2013/6/27 6:36:27","2013/6/27 6:36:27","0101","0","30626002&@梅盛1588","0","梅钢公司热轧厂","TC13070100256002","","000425","上海宝钢钢材贸易有限公司",""
"7","GM0","TI15130503005","F013029653","3F01306260401","I3E0011898","直发卷","SA414M GR.G","17.66","0","1","20130627","00","GM0","00100","0","2013/6/27 6:36:27","2013/6/27 6:36:27","2013/6/27 6:36:27","0101","0","30626002&@梅盛1588","0","梅钢公司热轧厂","TC13070100280003","","000425","上海宝钢钢材贸易有限公司",""
"8","GM0","TI15130600724","F013031065","3F01307050401","I3E0012675","直发卷","SA414M GR.G","24.59","0","1","20130705","00","GM0","00100","0","2013/7/5 23:37:23","2013/7/5 23:37:23","2013/7/5 23:37:23","0101","0","30705003&@梅盛2088","0","梅钢公司热轧厂","TC13071000186001","","000425","上海宝钢钢材贸易有限公司",""
"9","GM0","TI15130600742","F013031066","3F01307050401","I3E0012676","直发卷","SA414M GR.G","19.36","0","1","20130705","00","GM0","00100","0","2013/7/5 23:37:23","2013/7/5 23:37:23","2013/7/5 23:37:23","0101","0","30705003&@梅盛2088","0","梅钢公司热轧厂","TC13071000186002","","000425","上海宝钢钢材贸易有限公司",""
"10","GM0","TI15130600724","F093009822","3F09307060501","I3E0012675","直发卷","SA414M GR.G","24.59","0","1","20130707","00","GM0","00100","0","2013/7/7 7:36:49","2013/7/7 7:36:49","2013/7/7 7:36:49","0101","0","30706009&@梅盛2266","0","梅钢公司热轧厂","TC13071100095003","","000425","上海宝钢钢材贸易有限公司",""
"11","GM0","TI15130600724","F093009823","3F09307060501","I3E0012675","直发卷","SA414M GR.G","49.46","0","2","20130707","00","GM0","00100","0","2013/7/7 7:36:49","2013/7/7 7:36:49","2013/7/7 7:36:49","0101","0","30706009&@梅盛2266","0","梅钢公司热轧厂","TC13071100095003","","000425","上海宝钢钢材贸易有限公司",""
"12","GM0","TI15130600743","F093009913","3F09307080301","I3E0012677","直发卷","SA414M GR.G","40.54","0","2","20130708","00","GM0","00100","0","2013/7/8 18:36:47","2013/7/8 18:36:47","2013/7/8 18:36:47","0101","0","30708003&@梅盛1969","0","梅钢公司热轧厂","TC13071200218004","","000425","上海宝钢钢材贸易有限公司",""
"13","GM0","TI15130600723","F093009912","3F09307080301","I3E0012674","直发卷","SA414M GR.G","65.61","0","3","20130708","00","GM0","00100","0","2013/7/8 18:36:47","2013/7/8 18:36:47","2013/7/8 18:36:47","0101","0","30708003&@梅盛1969","0","梅钢公司热轧厂","TC13071200218002","","000425","上海宝钢钢材贸易有限公司",""
"14","GM0","TI15130600746","F093009914","3F09307080301","I3E0012679","直发卷","SA414M GR.G","38.53","0","2","20130708","00","GM0","00100","0","2013/7/8 18:36:48","2013/7/8 18:36:48","2013/7/8 18:36:48","0101","0","30708003&@梅盛1969","0","梅钢公司热轧厂","TC13071200218006","","000425","上海宝钢钢材贸易有限公司",""
"15","GM0","TI15130600743","F013031396","3F01307081401","I3E0012677","直发卷","SA414M GR.G","20.33","0","1","20130709","00","GM0","00100","0","2013/7/9 6:36:34","2013/7/9 6:36:34","2013/7/9 6:36:34","0101","0","30708008&@梅盛3769","0","梅钢公司热轧厂","TC13071200218003","","000425","上海宝钢钢材贸易有限公司",""
"16","GM0","TI15130600723","F013031399","3F01307081401","I3E0012674","直发卷","SA414M GR.G","20.42","0","1","20130709","00","GM0","00100","0","2013/7/9 6:36:35","2013/7/9 6:36:35","2013/7/9 6:36:35","0101","0","30708008&@梅盛3769","0","梅钢公司热轧厂","TC13071200218001","","000425","上海宝钢钢材贸易有限公司",""
"17","GM0","TI15130600746","F013031400","3F01307081401","I3E0012679","直发卷","SA414M GR.G","20.77","0","1","20130709","00","GM0","00100","0","2013/7/9 6:36:35","2013/7/9 6:36:35","2013/7/9 6:36:35","0101","0","30708008&@梅盛3769","0","梅钢公司热轧厂","TC13071200218005","","000425","上海宝钢钢材贸易有限公司",""
"18","GM0","TI15130600722","F013031232","3F01307070101","I3E0012673","直发卷","SA414M GR.G","47.81","0","2","20130707","00","GM0","00100","0","2013/7/7 14:36:55","2013/7/7 14:36:55","2013/7/7 14:36:55","0101","0","30706009&@梅盛2266","0","梅钢公司热轧厂","TC13071100095001","","000425","上海宝钢钢材贸易有限公司",""
"19","GM0","TI15130600745","F093009835","3F09307070101","I3E0012678","直发卷","SA414M GR.G","58.25","0","2","20130707","00","GM0","00100","0","2013/7/7 14:36:56","2013/7/7 14:36:56","2013/7/7 14:36:56","0101","0","30706009&@梅盛2266","0","梅钢公司热轧厂","TC13071100095004","","000425","上海宝钢钢材贸易有限公司",""
"20","GM0","TI15130700352","F013032301","3F01307151101","I3E0014286","直发卷","HP295","20.36","0","1","20130715","00","GM0","00100","0","2013/7/16 0:37:01","2013/7/16 0:37:01","2013/7/16 0:37:01","0101","0","30715009&@梅盛1918","0","梅钢公司热轧厂","TC13072200098004","","000425","上海宝钢钢材贸易有限公司",""
"21","GM0","TI15130700352","F013032302","3F01307151101","I3E0014286","直发卷","HP295","81.03","0","4","20130715","00","GM0","00100","0","2013/7/16 0:37:01","2013/7/16 0:37:01","2013/7/16 0:37:01","0101","0","30715009&@梅盛1918","0","梅钢公司热轧厂","TC13072200098004","","000425","上海宝钢钢材贸易有限公司",""
"22","GM0","TI15130700352","F013032306","3F01307151101","I3E0014286","直发卷","HP295","40.6","0","2","20130715","00","GM0","00100","0","2013/7/16 0:37:02","2013/7/16 0:37:02","2013/7/16 0:37:02","0101","0","30715009&@梅盛1918","0","梅钢公司热轧厂","TC13072200098004","","000425","上海宝钢钢材贸易有限公司",""
"23","GM0","TI15130700352","F013032307","3F01307151101","I3E0014286","直发卷","HP295","141.89","0","7","20130715","00","GM0","00100","0","2013/7/16 0:37:03","2013/7/16 0:37:03","2013/7/16 0:37:03","0101","0","30715009&@梅盛1918","0","梅钢公司热轧厂","TC13072200098004","","000425","上海宝钢钢材贸易有限公司",""
"24","GM0","TI15130700352","F013032589","3F01307170801","I3E0014286","直发卷","HP295","60.96","0","3","20130718","00","GM0","00100","0","2013/7/18 11:37:01","2013/7/18 11:37:01","2013/7/18 11:37:01","0101","0","30717009&@梅盛1288","0","梅钢公司热轧厂","TC13072200098007","","000425","上海宝钢钢材贸易有限公司",""
"25","GM0","TI15130700352","F013032603","3F01307170801","I3E0014286","直发卷","HP295","40.61","0","2","20130718","00","GM0","00100","0","2013/7/18 11:37:04","2013/7/18 11:37:04","2013/7/18 11:37:04","0101","0","30717009&@梅盛1288","0","梅钢公司热轧厂","TC13072200098007","","000425","上海宝钢钢材贸易有限公司",""
"26","GM0","TI15130700352","F013032602","3F01307170801","I3E0014286","直发卷","HP295","20.32","0","1","20130718","00","GM0","00100","0","2013/7/18 11:37:04","2013/7/18 11:37:04","2013/7/18 11:37:04","0101","0","30717009&@梅盛1288","0","梅钢公司热轧厂","TC13072200098007","","000425","上海宝钢钢材贸易有限公司",""
"27","GM0","TI15130700328","F013033416","3F01307230801","I3E0014283","直发卷","Q235D","14.34","0","1","20130724","00","GM0","00100","0","2013/7/24 3:37:19","2013/7/24 3:37:19","2013/7/24 3:37:19","0101","0","30723011&@梅盛2006","0","梅钢公司热轧厂","TC13072900023011","","000425","上海宝钢钢材贸易有限公司",""
"28","GM0","TI15130700328","F013033000","3F01307201801","I3E0014283","直发卷","Q235D","49.99","0","2","20130721","00","GM0","00100","0","2013/7/21 13:36:59","2013/7/21 13:36:59","2013/7/21 13:36:59","0101","0","30720007&@梅盛2008","0","梅钢公司热轧厂","TC13072900023008","","000425","上海宝钢钢材贸易有限公司",""
"29","GM0","TI15130700328","F013033001","3F01307201801","I3E0014283","直发卷","Q235D","49.77","0","2","20130721","00","GM0","00100","0","2013/7/21 13:37:00","2013/7/21 13:37:00","2013/7/21 13:37:00","0101","0","30720007&@梅盛2008","0","梅钢公司热轧厂","TC13072900023008","","000425","上海宝钢钢材贸易有限公司",""
"30","GM0","TI15130700328","F013033016","3F01307201801","I3E0014283","直发卷","Q235D","49.79","0","2","20130721","00","GM0","00100","0","2013/7/21 13:37:05","2013/7/21 13:37:05","2013/7/21 13:37:05","0101","0","30720007&@梅盛2008","0","梅钢公司热轧厂","TC13072900023008","","000425","上海宝钢钢材贸易有限公司",""
"31","GM0","TI15130700323","F013033017","3F01307201801","I3E0014282","直发卷","Q235D","74.65","0","3","20130721","00","GM0","00100","0","2013/7/21 13:37:05","2013/7/21 13:37:05","2013/7/21 13:37:05","0101","0","30720007&@梅盛2008","0","梅钢公司热轧厂","TC13072900023002","","000425","上海宝钢钢材贸易有限公司",""
"32","GM0","TI15130700328","F013033018","3F01307201801","I3E0014283","直发卷","Q235D","25.01","0","1","20130721","00","GM0","00100","0","2013/7/21 13:37:05","2013/7/21 13:37:05","2013/7/21 13:37:05","0101","0","30720007&@梅盛2008","0","梅钢公司热轧厂","TC13072900023008","","000425","上海宝钢钢材贸易有限公司",""
"33","GM0","TI15130700323","F013033022","3F01307201801","I3E0014282","直发卷","Q235D","24.86","0","1","20130721","00","GM0","00100","0","2013/7/21 13:37:07","2013/7/21 13:37:07","2013/7/21 13:37:07","0101","0","30720007&@梅盛2008","0","梅钢公司热轧厂","TC13072900023002","","000425","上海宝钢钢材贸易有限公司",""
"34","GM0","TI15130700348","F073018672","3F07307202701","I3E0014284","直发卷","Q235D","29.18","0","1","20130721","00","GM0","00100","0","2013/7/21 13:37:23","2013/7/21 13:37:23","2013/7/21 13:37:23","0101","0","30720007&@梅盛2008","0","梅钢公司热轧厂","TC13072900023015","","000425","上海宝钢钢材贸易有限公司",""
"35","GM0","TI15130700348","F073018673","3F07307202701","I3E0014284","直发卷","Q235D","29.29","0","1","20130721","00","GM0","00100","0","2013/7/21 13:37:23","2013/7/21 13:37:23","2013/7/21 13:37:23","0101","0","30720007&@梅盛2008","0","梅钢公司热轧厂","TC13072900023015","","000425","上海宝钢钢材贸易有限公司",""
"36","GM0","TI15130700321","F073018674","3F07307202701","I3E0014281","直发卷","Q235D","29.18","0","1","20130721","00","GM0","00100","0","2013/7/21 13:37:24","2013/7/21 13:37:24","2013/7/21 13:37:24","0101","0","30720007&@梅盛2008","0","梅钢公司热轧厂","TC13072900022001","","000425","上海宝钢钢材贸易有限公司",""
"37","GM0","TI15130700348","F073018675","3F07307202701","I3E0014284","直发卷","Q235D","58.55","0","2","20130721","00","GM0","00100","0","2013/7/21 13:37:24","2013/7/21 13:37:24","2013/7/21 13:37:24","0101","0","30720007&@梅盛2008","0","梅钢公司热轧厂","TC13072900023015","","000425","上海宝钢钢材贸易有限公司",""
"38","GM0","TI15130700348","F073018676","3F07307202701","I3E0014284","直发卷","Q235D","29.12","0","1","20130721","00","GM0","00100","0","2013/7/21 13:37:24","2013/7/21 13:37:24","2013/7/21 13:37:24","0101","0","30720007&@梅盛2008","0","梅钢公司热轧厂","TC13072900023015","","000425","上海宝钢钢材贸易有限公司",""
"39","GM0","TI15130700328","F013033224","3F01307220101","I3E0014283","直发卷","Q235D","24.97","0","1","20130722","00","GM0","00100","0","2013/7/22 16:37:11","2013/7/22 16:37:11","2013/7/22 16:37:11","0101","0","30722001&@梅盛2199","0","梅钢公司热轧厂","TC13072900023010","","000425","上海宝钢钢材贸易有限公司",""
"40","GM0","TI15130700321","F073019346","3F07307260401","I3E0014281","直发卷","Q235D","28.66","0","1","20130727","00","GM0","00100","0","2013/7/27 11:37:16","2013/7/27 11:37:16","2013/7/27 11:37:16","0101","0","30726008&@梅盛1801","0","梅钢公司热轧厂","TC13072900022006","","000425","上海宝钢钢材贸易有限公司",""
"41","GM0","TI15130700321","F073019353","3F07307260401","I3E0014281","直发卷","Q235D","28.86","0","1","20130727","00","GM0","00100","0","2013/7/27 11:37:18","2013/7/27 11:37:18","2013/7/27 11:37:18","0101","0","30726008&@梅盛1801","0","梅钢公司热轧厂","TC13072900022006","","000425","上海宝钢钢材贸易有限公司",""
"42","GM0","TI15130700323","F013033047","3F01307210201","I3E0014282","直发卷","Q235D","173.95","0","7","20130721","00","GM0","00100","0","2013/7/21 15:36:57","2013/7/21 15:36:57","2013/7/21 15:36:57","0101","0","30721003&@梅盛1999","0","梅钢公司热轧厂","TC13072900023003","","000425","上海宝钢钢材贸易有限公司",""
"43","GM0","TI15130700328","F013033019","3F01307201801","I3E0014283","直发卷","Q235D","24.86","0","1","20130721","00","GM0","00100","0","2013/7/21 15:36:59","2013/7/21 15:36:59","2013/7/21 15:36:59","0101","0","30720007&@梅盛2008","0","梅钢公司热轧厂","TC13072900023008","","000425","上海宝钢钢材贸易有限公司",""
"44","GM0","TI15130700321","F073018682","3F07307210101","I3E0014281","直发卷","Q235D","58.35","0","2","20130721","00","GM0","00100","0","2013/7/21 15:37:04","2013/7/21 15:37:04","2013/7/21 15:37:04","0101","0","30721003&@梅盛1999","0","梅钢公司热轧厂","TC13072900022004","","000425","上海宝钢钢材贸易有限公司",""
"45","GM0","TI15130700348","F073018689","3F07307210101","I3E0014284","直发卷","Q235D","58.38","0","2","20130721","00","GM0","00100","0","2013/7/21 15:37:04","2013/7/21 15:37:04","2013/7/21 15:37:04","0101","0","30721003&@梅盛1999","0","梅钢公司热轧厂","TC13072900023016","","000425","上海宝钢钢材贸易有限公司",""
"46","GM0","TI15130700321","F073018693","3F07307210101","I3E0014281","直发卷","Q235D","29.18","0","1","20130721","00","GM0","00100","0","2013/7/21 15:37:05","2013/7/21 15:37:05","2013/7/21 15:37:05","0101","0","30721003&@梅盛1999","0","梅钢公司热轧厂","TC13072900022004","","000425","上海宝钢钢材贸易有限公司",""
"47","GM0","TI15130700321","F073018694","3F07307210101","I3E0014281","直发卷","Q235D","29.09","0","1","20130721","00","GM0","00100","0","2013/7/21 15:37:05","2013/7/21 15:37:05","2013/7/21 15:37:05","0101","0","30721003&@梅盛1999","0","梅钢公司热轧厂","TC13072900022004","","000425","上海宝钢钢材贸易有限公司",""
"48","GM0","TI15121203546","H12300252","1H12301050601","I3E0000896","直发卷","Q235B","25.35","0","1","20130105","00","GM0","00100","0","2013/1/5 22:36:20","2013/1/5 22:36:20","2013/1/5 22:36:20","0101","0","钢联沪B95948","0","不锈钢分公司热轧厂","","","008039","上海钢联物流有限公司",""
"49","GM0","TI15121203546","H12300253","1H12301040501","I3E0000896","直发卷","Q235B","25.32","0","1","20130105","00","GM0","00100","0","2013/1/5 22:36:23","2013/1/5 22:36:23","2013/1/5 22:36:23","0101","0","钢联沪BL9767","0","不锈钢分公司热轧厂","","","008039","上海钢联物流有限公司",""
"50","GM0","TI15121203546","H07300122","1H07301040601","I3E0000896","直发卷","Q235B","25.14","0","1","20130105","00","GM0","00100","0","2013/1/6 1:05:57","2013/1/6 1:05:57","2013/1/6 1:05:57","0101","0","钢联沪BL9549","0","不锈钢分公司热轧厂","","","008039","上海钢联物流有限公司",""
"51","GM0","TI15121203546","H07300123","1H07301050301","I3E0000896","直发卷","Q235B","75.26","0","3","20130105","00","GM0","00100","0","2013/1/6 1:06:30","2013/1/6 1:06:30","2013/1/6 1:06:30","0101","0","沪BL3397","0","不锈钢分公司热轧厂","","","008039","上海钢联物流有限公司",""
"52","GM0","TI15121203546","H07300117","1H07301040601","I3E0000896","直发卷","Q235B","25.21","0","1","20130105","00","GM0","00100","0","2013/1/5 21:36:15","2013/1/5 21:36:15","2013/1/5 21:36:15","0101","0","钢联沪B96070","0","不锈钢分公司热轧厂","","","008039","上海钢联物流有限公司",""
"53","GM0","TI15121203546","H07300118","1H07301040601","I3E0000896","直发卷","Q235B","25.13","0","1","20130105","00","GM0","00100","0","2013/1/5 21:36:43","2013/1/5 21:36:43","2013/1/5 21:36:43","0101","0","钢联沪BK1743","0","不锈钢分公司热轧厂","","","008039","上海钢联物流有限公司",""
"54","GM0","TI15121203546","H12300268","1H12301040501","I3E0000896","直发卷","Q235B","76.12","0","3","20130106","00","GM0","00100","0","2013/1/6 1:36:07","2013/1/6 1:36:07","2013/1/6 1:36:07","0101","0","沪B26272","0","不锈钢分公司热轧厂","","","008039","上海钢联物流有限公司",""
"55","GM0","TI15121203546","H07300120","1H07301040601","I3E0000896","直发卷","Q235B","50.35","0","2","20130105","00","GM0","00100","0","2013/1/5 23:36:14","2013/1/5 23:36:14","2013/1/5 23:36:14","0101","0","钢联沪BK1743","0","不锈钢分公司热轧厂","","","008039","上海钢联物流有限公司",""
"56","GM0","TI15121203546","H07300121","1H07301040601","I3E0000896","直发卷","Q235B","25.27","0","1","20130105","00","GM0","00100","0","2013/1/5 23:36:17","2013/1/5 23:36:17","2013/1/5 23:36:17","0101","0","钢联沪B95972","0","不锈钢分公司热轧厂","","","008039","上海钢联物流有限公司",""
"57","GM0","TI15121203595","F013006813","3F01302160101","I3E0000932","直发卷","SA414M GR.G","17.93","0","1","20130216","00","GM0","00100","0","2013/2/16 11:36:14","2013/2/16 11:36:14","2013/2/16 11:36:14","0101","0","30216001&@梅盛2006","0","梅钢公司热轧厂","TC13021600051004","","000425","上海宝钢钢材贸易有限公司",""
"58","GM0","TI15121203595","F093001881","3F09302070201","I3E0000932","直发卷","SA414M GR.G","18.18","0","1","20130207","00","GM0","00100","0","2013/2/7 23:36:06","2013/2/7 23:36:06","2013/2/7 23:36:06","0101","0","30207003&@梅盛1918","0","梅钢公司热轧厂","TC13021600051006","","000425","上海宝钢钢材贸易有限公司",""
"59","GM0","TI15121203595","F093001880","3F09302070201","I3E0000932","直发卷","SA414M GR.G","38.21","0","2","20130207","00","GM0","00100","0","2013/2/7 23:36:06","2013/2/7 23:36:06","2013/2/7 23:36:06","0101","0","30207003&@梅盛1918","0","梅钢公司热轧厂","TC13021600051006","","000425","上海宝钢钢材贸易有限公司",""
"60","GM0","TI15121203595","F093002372","3F09302130401","I3E0000932","直发卷","SA414M GR.G","20.46","0","1","20130214","00","GM0","00100","0","2013/2/14 3:36:10","2013/2/14 3:36:10","2013/2/14 3:36:10","0101","0","30213004&@梅盛1918","0","梅钢公司热轧厂","TC13021600051008","","000425","上海宝钢钢材贸易有限公司",""
"61","GM0","TI15121203595","F013006206","3F01302061801","I3E0000932","直发卷","SA414M GR.G","19.8","0","1","20130207","00","GM0","00100","0","2013/2/7 18:36:53","2013/2/7 18:36:53","2013/2/7 18:36:53","0101","0","30206008&@梅盛1999","0","梅钢公司热轧厂","TC13021600051003","","000425","上海宝钢钢材贸易有限公司",""
"62","GM0","TI15121203595","F093002019","3F09302090301","I3E0000932","直发卷","SA414M GR.G","18.57","0","1","20130209","00","GM0","00100","0","2013/2/9 23:36:37","2013/2/9 23:36:37","2013/2/9 23:36:37","0101","0","30209002&@梅盛1501","0","梅钢公司热轧厂","TC13021600051007","","000425","上海宝钢钢材贸易有限公司",""
"63","GM0","TI15121203595","F013005928","3F01302050501","I3E0000932","直发卷","SA414M GR.G","58.84","0","3","20130205","00","GM0","00100","0","2013/2/5 16:36:41","2013/2/5 16:36:41","2013/2/5 16:36:41","0101","0","30205004&@梅盛1801","0","梅钢公司热轧厂","TC13021600051002","","000425","上海宝钢钢材贸易有限公司",""
"64","GM0","TI15121203595","F013005936","3F01302050501","I3E0000932","直发卷","SA414M GR.G","18.8","0","1","20130205","00","GM0","00100","0","2013/2/5 16:36:43","2013/2/5 16:36:43","2013/2/5 16:36:43","0101","0","30205004&@梅盛1801","0","梅钢公司热轧厂","TC13021600051002","","000425","上海宝钢钢材贸易有限公司",""
"65","GM0","TI15121203595","F013006998","3F01302162101","I3E0000932","直发卷","SA414M GR.G","17.78","0","1","20130217","00","GM0","00100","0","2013/2/17 11:36:14","2013/2/17 11:36:14","2013/2/17 11:36:14","0101","0","30216011&@梅盛1801","0","梅钢公司热轧厂","TC13022200069001","","000425","上海宝钢钢材贸易有限公司",""
"66","GM0","TI15130302749","F013019661","3F01304200101","I3E0007378","直发卷","HP295","18.73","0","1","20130420","00","GM0","00100","0","2013/4/20 19:37:22","2013/4/20 19:37:22","2013/4/20 19:37:22","0101","0","30420002&@梅盛0908","0","梅钢公司热轧厂","TC13042200097005","","000425","上海宝钢钢材贸易有限公司",""
"67","GM0","TI15130302749","F013019619","3F01304190401","I3E0007378","直发卷","HP295","56.28","0","3","20130420","00","GM0","00100","0","2013/4/20 10:36:21","2013/4/20 10:36:21","2013/4/20 10:36:21","0101","0","30419004&@梅盛2188","0","梅钢公司热轧厂","TC13042200097004","","000425","上海宝钢钢材贸易有限公司",""
"68","GM0","TI15130302749","F013019626","3F01304190401","I3E0007378","直发卷","HP295","74.47","0","4","20130420","00","GM0","00100","0","2013/4/20 10:36:23","2013/4/20 10:36:23","2013/4/20 10:36:23","0101","0","30419004&@梅盛2188","0","梅钢公司热轧厂","TC13042200097004","","000425","上海宝钢钢材贸易有限公司",""
"69","GM0","TI15130302749","F013019627","3F01304190401","I3E0007378","直发卷","HP295","56.03","0","3","20130420","00","GM0","00100","0","2013/4/20 10:36:24","2013/4/20 10:36:24","2013/4/20 10:36:24","0101","0","30419004&@梅盛2188","0","梅钢公司热轧厂","TC13042200097004","","000425","上海宝钢钢材贸易有限公司",""
"70","GM0","TI15130302749","F093005424","3F09304180101","I3E0007378","直发卷","HP295","131.17","0","7","20130418","00","GM0","00100","0","2013/4/18 15:36:16","2013/4/18 15:36:16","2013/4/18 15:36:16","0101","0","30417011&@梅盛1508","0","梅钢公司热轧厂","TC13042200097006","","000425","上海宝钢钢材贸易有限公司",""
"71","GM0","TI15130302749","F013019412","3F01304180401","I3E0007378","直发卷","HP295","112.38","0","6","20130418","00","GM0","00100","0","2013/4/18 15:36:30","2013/4/18 15:36:30","2013/4/18 15:36:30","0101","0","30417011&@梅盛1508","0","梅钢公司热轧厂","TC13042200097001","","000425","上海宝钢钢材贸易有限公司",""
"72","GM0","TI15130402715","F013022421","3F01305090101","I3E0009464","直发卷","HP295","74.06","0","4","20130509","00","GM0","00100","0","2013/5/9 23:36:20","2013/5/9 23:36:20","2013/5/9 23:36:20","0101","0","30509001&@梅盛1998","0","梅钢公司热轧厂","TC13051300110004","","000425","上海宝钢钢材贸易有限公司",""
"73","GM0","TI15130402715","F013022425","3F01305090101","I3E0009464","直发卷","HP295","55.02","0","3","20130509","00","GM0","00100","0","2013/5/9 23:36:21","2013/5/9 23:36:21","2013/5/9 23:36:21","0101","0","30509001&@梅盛1998","0","梅钢公司热轧厂","TC13051300110004","","000425","上海宝钢钢材贸易有限公司",""
"74","GM0","TI15130402715","F013022422","3F01305090101","I3E0009464","直发卷","HP295","223.51","0","12","20130509","00","GM0","00100","0","2013/5/9 23:36:22","2013/5/9 23:36:22","2013/5/9 23:36:22","0101","0","30509001&@梅盛1998","0","梅钢公司热轧厂","TC13051300110004","","000425","上海宝钢钢材贸易有限公司",""
"75","GM0","TI15130402715","F013022426","3F01305090101","I3E0009464","直发卷","HP295","92.75","0","5","20130509","00","GM0","00100","0","2013/5/9 23:36:23","2013/5/9 23:36:23","2013/5/9 23:36:23","0101","0","30509001&@梅盛1998","0","梅钢公司热轧厂","TC13051300110004","","000425","上海宝钢钢材贸易有限公司",""
"76","BGGF","I4J0000028","BGSA141107001870I4J0000028","1H654B07A01","I4J0000028","热轧卷","Q345B","4.105","9","1","","00","BGGF","10000","1","2014/11/7 15:28:14","2014/11/7 15:28:14","2014/11/7 15:28:14","0101","0","","0","宝钢","","","","上海钢铁交易中心有限公司",""
"77","BGGF","I4J0000026","BGSA141107002310I4J0000026","1H864B07A00","I4J0000026","热轧卷","SPHC","8.45","77","1","","00","BGGF","10000","1","2014/11/7 18:05:25","2014/11/7 18:05:25","2014/11/7 18:05:25","0101","0","","0","宝钢","","","","上海钢铁交易中心有限公司",""
"78","BGGF","I4J0000024","BGSA141107002310I4J0000024","1H864B07A00","I4J0000024","热轧卷","SPHC","18.07","77","1","","00","BGGF","10000","1","2014/11/7 18:05:26","2014/11/7 18:05:26","2014/11/7 18:05:26","0101","0","","0","宝钢","","","","上海钢铁交易中心有限公司",""
"79","BGGF","I4J0000010","BGSA141106000912I4J0000010","1H864B06A00","I4J0000010","热轧卷","SS330","4.76","97","1","","00","BGGF","10000","1","2014/11/6 12:03:05","2014/11/6 12:03:05","2014/11/6 12:03:05","0101","0","","0","宝钢","","","","上海钢铁交易中心有限公司",""
"80","BGGF","I4J0000015","BGSA141106000912I4J0000015","1H864B06A00","I4J0000015","热轧卷","SPHC","15.1","97","1","","00","BGGF","10000","1","2014/11/6 12:03:05","2014/11/6 12:03:05","2014/11/6 12:03:05","0101","0","","0","宝钢","","","","上海钢铁交易中心有限公司",""
"81","BGGF","I4J0000009","BGSA141106000912I4J0000009","1H864B06A00","I4J0000009","热轧卷","SS330","2.32","97","1","","00","BGGF","10000","1","2014/11/6 12:03:05","2014/11/6 12:03:05","2014/11/6 12:03:05","0101","0","","0","宝钢","","","","上海钢铁交易中心有限公司",""
"82","BGGF","I4J0000013","BGSA141106000912I4J0000013","1H864B06A00","I4J0000013","热轧卷","SPHC","23.11","97","1","","00","BGGF","10000","1","2014/11/6 12:03:06","2014/11/6 12:03:06","2014/11/6 12:03:06","0101","0","","0","宝钢","","","","上海钢铁交易中心有限公司",""
"83","BGGF","I4J0000072","BGSA141111002575I4J0000072","1H864B11A00","I4J0000072","热轧卷","IF-1","20.1","56","1","","00","BGGF","10000","1","2014/11/11 20:06:15","2014/11/11 20:06:15","2014/11/11 20:06:15","0101","0","","0","宝钢","","","","上海钢铁交易中心有限公司",""
"84","BGGF","I4J0000069","BGSA141111002575I4J0000069","1H864B11A00","I4J0000069","热轧卷","IF-1","18.96","56","1","","00","BGGF","10000","1","2014/11/11 20:06:16","2014/11/11 20:06:16","2014/11/11 20:06:16","0101","0","","0","宝钢","","","","上海钢铁交易中心有限公司",""
"85","BGGF","I4J0000148","BGSA141120004865I4J0000148","1H664B20A03","I4J0000148","热轧卷","Q345B","23.58","59","1","","00","BGGF","10000","1","2014/11/20 22:06:55","2014/11/20 22:06:55","2014/11/20 22:06:55","0101","0","","0","宝钢","","","","上海钢铁交易中心有限公司",""
"86","BGGF","I4J0000146","BGSA141120004865I4J0000146","1H664B20A03","I4J0000146","热轧卷","SS400","19.62","59","1","","00","BGGF","10000","1","2014/11/20 22:06:55","2014/11/20 22:06:55","2014/11/20 22:06:55","0101","0","","0","宝钢","","","","上海钢铁交易中心有限公司",""
"87","BGGF","I4J0000145","BGSA141119000882I4J0000145","1H614B19A01","I4J0000145","热轧卷","SS400","26.18","26","1","","00","BGGF","10000","1","2014/11/19 9:48:51","2014/11/19 9:48:51","2014/11/19 9:48:51","0101","0","","0","宝钢","","","","上海钢铁交易中心有限公司",""
"88","BGGF","I4J0000108","BGSA141113002025I4J0000108","1H874B13A01","I4J0000108","热轧卷","SPHC","12.32","94","1","","00","BGGF","10000","1","2014/11/13 18:03:49","2014/11/13 18:03:49","2014/11/13 18:03:49","0101","0","","0","宝钢","","","","上海钢铁交易中心有限公司",""
"89","BGGF","I4J0000111","BGSA141113002025I4J0000111","1H874B13A01","I4J0000111","热轧卷","SPHC","14.73","94","1","","00","BGGF","10000","1","2014/11/13 18:03:49","2014/11/13 18:03:49","2014/11/13 18:03:49","0101","0","","0","宝钢","","","","上海钢铁交易中心有限公司",""
"90","BGGF","I4J0000113","BGSA141113002025I4J0000113","1H874B13A01","I4J0000113","热轧卷","SPHC","3.67","94","1","","00","BGGF","10000","1","2014/11/13 18:03:50","2014/11/13 18:03:50","2014/11/13 18:03:50","0101","0","","0","宝钢","","","","上海钢铁交易中心有限公司",""
"91","BGGF","I4J0000110","BGSA141113002025I4J0000110","1H874B13A01","I4J0000110","热轧卷","SPHC","15.3","94","1","","00","BGGF","10000","1","2014/11/13 18:03:50","2014/11/13 18:03:50","2014/11/13 18:03:50","0101","0","","0","宝钢","","","","上海钢铁交易中心有限公司",""
"92","BGGF","I4J0000036","BGSA141110002628I4J0000036","1H654B10A00","I4J0000036","热轧卷","Q460C","12.005","55","1","","00","BGGF","10000","1","2014/11/10 16:04:05","2014/11/10 16:04:05","2014/11/10 16:04:05","0101","0","","0","宝钢","","","","上海钢铁交易中心有限公司",""
"93","BGGF","I4J0000035","BGSA141110002628I4J0000035","1H654B10A00","I4J0000035","热轧卷","Q460C","11.995","55","1","","00","BGGF","10000","1","2014/11/10 16:04:05","2014/11/10 16:04:05","2014/11/10 16:04:05","0101","0","","0","宝钢","","","","上海钢铁交易中心有限公司",""
"94","BGGF","I4J0000038","BGSA141110002628I4J0000038","1H654B10A00","I4J0000038","热轧卷","IF-1","6.76","55","1","","00","BGGF","10000","1","2014/11/10 16:04:06","2014/11/10 16:04:06","2014/11/10 16:04:06","0101","0","","0","宝钢","","","","上海钢铁交易中心有限公司",""
"95","BGGF","I4J0000011","BGSA141106000912I4J0000011","1H864B06A00","I4J0000011","热轧卷","IF-1","3.91","97","1","","00","BGGF","10000","1","2014/11/6 12:03:05","2014/11/6 12:03:05","2014/11/6 12:03:05","0101","0","","0","宝钢","","","","上海钢铁交易中心有限公司",""
"96","BGGF","I4J0000008","BGSA141106000912I4J0000008","1H864B06A00","I4J0000008","热轧卷","SPHC","5.75","97","1","","00","BGGF","10000","1","2014/11/6 12:03:05","2014/11/6 12:03:05","2014/11/6 12:03:05","0101","0","","0","宝钢","","","","上海钢铁交易中心有限公司",""
"97","BGGF","I4J0000012","BGSA141106000912I4J0000012","1H864B06A00","I4J0000012","热轧卷","IF-1","25.29","97","1","","00","BGGF","10000","1","2014/11/6 12:03:05","2014/11/6 12:03:05","2014/11/6 12:03:05","0101","0","","0","宝钢","","","","上海钢铁交易中心有限公司",""
"98","BGGF","I4J0000014","BGSA141106000912I4J0000014","1H864B06A00","I4J0000014","热轧卷","SPHC","16.31","97","1","","00","BGGF","10000","1","2014/11/6 12:03:06","2014/11/6 12:03:06","2014/11/6 12:03:06","0101","0","","0","宝钢","","","","上海钢铁交易中心有限公司",""
"99","BGGF","I4J0000030","BGSA141110001264I4J0000030","1H864B10A01","I4J0000030","热轧卷","IF-1","21.4","60","1","","00","BGGF","10000","1","2014/11/10 12:03:12","2014/11/10 12:03:12","2014/11/10 12:03:12","0101","0","","0","宝钢","","","","上海钢铁交易中心有限公司",""
