"   ","VLISTPACKID","DEPTID","VEHICLELISTID","GOODSID","PACKNUM","OUTPACKID","OUTBILLNO","OUTBARCODETIME","OUTBARCODEEMPNO","OUTBARCODESTATE","GRADENUM","KINDNAME","KINDNO","SHOPSIGNNAME","SHOPSIGNID","SHEETNUM","MANAGENUM","NETWEIGHT","GROSSWEIGHT","OWNERNAME","OWNERNO","GOODSLOC","R_RECORD_CREATE_DATE","R_RECORD_CREATE_USER","R_RECORD_UPDATE_DATE","R_RECORD_UPDATE_USER","R_RECORD_IS_DELETED","FOREIGNLISTNO","COLLECTER","COLLECTERNAME","R_RECORD_CHANGE_FLAG","OPERATOR","SCAN","JGPOUNDWEIGHT","PLY","SENDFLAG","PRODSTOVENO","LOCLV1","LOCLV2"
"1","4fbaf02f32fe4ee2b829c1c55ae54037","0101","201404010009","7DDBA9065998442A8ABD6132E938C1A3","18469710200","EFFC6ECC45DF41DB852141B8CB89C889","CK1403070026","2014/3/31 2:33:00","","已匹配","200*1300*L","板坯","PZ004002001","SPCC","GZ000001","1.000000","A4X0000072","21.730000","21.730000","宝山钢铁股份有限公司直属厂部","KH05957","DA141H","2014/4/1 2:34:50","100034","","","0","20140307","","","0","候宪丽","","0.000000","0","","","",""
"2","15a67906c48240beab50ebff544981b1","0101","201404010009","F33C0135CB5949028EEC35B357CCEA2A","18469710300","467998A27D154363A861399D4320AF7A","CK1403070026","2014/3/31 2:33:00","","已匹配","200*1300*L","板坯","PZ004002001","SPCC","GZ000001","1.000000","A4X0000072","21.730000","21.730000","宝山钢铁股份有限公司直属厂部","KH05957","DA141I","2014/4/1 2:34:51","100034","","","0","20140307","","","0","候宪丽","","0.000000","0","","","",""
"3","4631fbb5fa6640e989faa89602735d69","0101","201404010010","FB9DA72BAD63479C9B8F5F36D73AE992","18469710400","BAAE734386B641DEB369AEC36AAF558F","CK1403070026","2014/3/31 2:35:00","","已匹配","200*1300*L","板坯","PZ004002001","SPCC","GZ000001","1.000000","A4X0000072","21.730000","21.730000","宝山钢铁股份有限公司直属厂部","KH05957","DA141G","2014/4/1 2:35:55","100034","","","0","20140307","","","0","候宪丽","","0.000000","0","","","",""
"4","97b800b324ed4776b4324b37c13bec7a","0101","201404010010","E9F238941629418AB7BECD4D1F8AEB96","18471520300","2756F2B0DD9C416FB93512C09FFD7709","CK1403070026","2014/3/31 2:35:00","","已匹配","200*1300*L","板坯","PZ004002001","BLD","GZ000014","1.000000","A4X0000105","21.610000","21.610000","宝山钢铁股份有限公司直属厂部","KH05957","DA141F","2014/4/1 2:35:55","100034","","","0","20140307","","","0","候宪丽","","0.000000","0","","","",""
"5","f98b801fa4d34ae79abac9a0bbc026fb","0101","201404040001","78BBBFD434AE4E6CA03FC69F548B0DB2","18470620100","D8ECD50B50894A609E756F15DED98647","CK1403070026","2014/4/4 0:34:00","","已匹配","200*1350*L","板坯","PZ004002001","DC04","GZ000270","1.000000","A4X0000087","21.890000","21.890000","宝山钢铁股份有限公司直属厂部","KH05957","DC151H","2014/4/4 0:29:46","100034","","","0","20140307","","","0","候宪丽","","0.000000","0","","","",""
"6","04357f6c68904c9bb378b6712c3b7de8","0101","201404040002","A0B2EB94423C4209822A3356EBDD7163","18469710700","E26141777323424D9AC3F2FEF4C7BA46","CK1403070026","2014/4/4 0:35:00","","已匹配","200*1300*L","板坯","PZ004002001","SPCC","GZ000001","1.000000","A4X0000072","21.730000","21.730000","宝山钢铁股份有限公司直属厂部","KH05957","DC151I","2014/4/4 0:30:32","100034","","","0","20140307","","","0","候宪丽","","0.000000","0","","","",""
"7","10418a1358364f63901ff6770fdb3c39","0101","201404040002","085D3AA8EB5E4C53ABDE33936D040CF4","18469810400","05C94D8818B04677AF7DA1EF90D568C5","CK1403070026","2014/4/4 0:35:00","","已匹配","200*1300*L","板坯","PZ004002001","SPCC","GZ000001","1.000000","A4X0000072","21.730000","21.730000","宝山钢铁股份有限公司直属厂部","KH05957","DC114D","2014/4/4 0:30:32","100034","","","0","20140307","","","0","候宪丽","","0.000000","0","","","",""
"8","d7926b4cee2a43acb853bdb3cd5083f9","0101","201404010003","BE1309D53F584667939F714036DB2E67","18470520700","A935ED9C5C0544E99D9D7E9822D03192","CK1403070026","2014/3/31 0:32:00","","已匹配","200*1350*L","板坯","PZ004002001","DC04","GZ000270","1.000000","A4X0000087","21.890000","21.890000","宝山钢铁股份有限公司直属厂部","KH05957","S1111","2014/4/1 0:32:13","100034","","","0","20140307","","","0","候宪丽","","0.000000","0","","","",""
"9","2ede088fe25b4b5bb0287556e8aa3afd","0101","201404010003","D9936513F39E48AFB38CBBAFF5B6FB54","18470520500","F868AE85864B4748A5F72B7195B8BEAD","CK1403070026","2014/3/31 0:32:00","","已匹配","200*1350*L","板坯","PZ004002001","DC04","GZ000270","1.000000","A4X0000087","21.890000","21.890000","宝山钢铁股份有限公司直属厂部","KH05957","S1111","2014/4/1 0:32:13","100034","","","0","20140307","","","0","候宪丽","","0.000000","0","","","",""
"10","b8fa476d9f17401595b0cff177b8d7f2","0101","201404010003","F51D72E9A29D48FE8FBF829AE9545529","18469710600","1B86D563CBB848A6B81E56B0C3F34333","CK1403070026","2014/3/31 0:32:00","","已匹配","200*1300*L","板坯","PZ004002001","SPCC","GZ000001","1.000000","A4X0000072","21.750000","21.750000","宝山钢铁股份有限公司直属厂部","KH05957","S1111","2014/4/1 0:32:13","100034","","","0","20140307","","","0","候宪丽","","0.000000","0","","","",""
"11","31b58c7ee98e4a92889ec76c089ecc69","0101","201404010003","95A500C77C5A4DBE89F25616CE8A1A1C","18470520600","B062CD3FD6DC45D886598220AB0F6447","CK1403070026","2014/3/31 0:32:00","","已匹配","200*1350*L","板坯","PZ004002001","DC04","GZ000270","1.000000","A4X0000087","21.890000","21.890000","宝山钢铁股份有限公司直属厂部","KH05957","S1111","2014/4/1 0:32:13","100034","","","0","20140307","","","0","候宪丽","","0.000000","0","","","",""
"12","a486d353909f4b36b3f4cfc0f624bc8e","0101","201404010008","20E6A637DBE94D369063A3598F69F517","18471520100","FD7CB5D9E58F45A59E8431C00AACE6F8","CK1403070026","2014/3/31 2:26:00","","已匹配","200*1300*L","板坯","PZ004002001","BLD","GZ000014","1.000000","A4X0000105","21.680000","21.680000","宝山钢铁股份有限公司直属厂部","KH05957","DA141E","2014/4/1 2:26:47","100034","","","0","20140307","","","0","候宪丽","","0.000000","0","","","",""
"13","68e488036dab4c8b9f61753615463d82","0101","201404010004","757443B84C5148D99673D1E8A4A5CF7E","18472020700","CCF24151B9B84DB1BC0217DF5B5F8566","CK1403070026","2014/3/31 1:29:00","","已匹配","200*1300*L","板坯","PZ004002001","BLD","GZ000014","1.000000","A4X0000105","21.780000","21.780000","宝山钢铁股份有限公司直属厂部","KH05957","DA1613","2014/4/1 1:30:03","100034","","","0","20140307","","","0","候宪丽","","0.000000","0","","","",""
"14","3e4ef9c69e1544d59651ff71266a8945","0101","201404010004","61A8E94BEFED40B1884D573A77E812A4","18472020600","096DE7CFF13C4708BA2864DC539B2AB6","CK1403070026","2014/3/31 1:29:00","","已匹配","200*1300*L","板坯","PZ004002001","BLD","GZ000014","1.000000","A4X0000105","21.800000","21.800000","宝山钢铁股份有限公司直属厂部","KH05957","DA1612","2014/4/1 1:30:03","100034","","","0","20140307","","","0","候宪丽","","0.000000","0","","","",""
"15","5e3b313a330642809de03cbb2e93bbef","0101","201404010004","7E42F35B52EA451D973A8F570C4D271B","18472020500","046537256B1549C685E0DE0AC4C44D6A","CK1403070026","2014/3/31 1:29:00","","已匹配","200*1300*L","板坯","PZ004002001","BLD","GZ000014","1.000000","A4X0000105","21.600000","21.600000","宝山钢铁股份有限公司直属厂部","KH05957","DA1161","2014/4/1 1:30:03","100034","","","0","20140307","","","0","候宪丽","","0.000000","0","","","",""
"16","73af9e619a754f6ea9cc7c3285e63c5b","0101","201404010014","BF1F99009EFA46919381978043A02207","18471420500","B73AB5FE586B4760BEAF0545D3937797","CK1403070026","2014/3/31 3:46:00","","已匹配","200*1300*L","板坯","PZ004002001","BLD","GZ000014","1.000000","A4X0000105","21.720000","21.720000","宝山钢铁股份有限公司直属厂部","KH05957","DC121B","2014/4/1 3:46:49","100034","","","0","20140307","","","0","候宪丽","","0.000000","0","","","",""
"17","a7d5812ebcd149cc9bbab298a8dea4d8","0101","201404030099","5931F9C40D084A9D95CC1A84C3802801","18471420400","F72E4529CA034F2E9476127389BA6633","CK1403070026","2014/4/3 23:41:00","","已匹配","200*1300*L","板坯","PZ004002001","BLD","GZ000014","1.000000","A4X0000105","21.690000","21.690000","宝山钢铁股份有限公司直属厂部","KH05957","DB1219","2014/4/3 23:37:57","100034","","","0","20140307","","","0","候宪丽","","0.000000","0","","","",""
"18","a90a7bb9152849d9b320e0432597bdce","0101","201404010006","D9DFEA19F64B4DD39AC94B38A846E7D2","18471520400","5A58FA934F07403F841559CD9606112F","CK1403070026","2014/3/31 2:14:00","","已匹配","200*1300*L","板坯","PZ004002001","BLD","GZ000014","1.000000","A4X0000105","21.720000","21.720000","宝山钢铁股份有限公司直属厂部","KH05957","DA141A","2014/4/1 2:15:33","100034","","","0","20140307","","","0","候宪丽","","0.000000","0","","","",""
"19","3c29fef64b384e0a8933588574807690","0101","201404010006","0F8B9B7F5929475C97414B09ABCBE51E","18471520700","7DC754E409D64B938F747407D058F0B6","CK1403070026","2014/3/31 2:14:00","","已匹配","200*1300*L","板坯","PZ004002001","BLD","GZ000014","1.000000","A4X0000105","21.770000","21.770000","宝山钢铁股份有限公司直属厂部","KH05957","DA141B","2014/4/1 2:15:33","100034","","","0","20140307","","","0","候宪丽","","0.000000","0","","","",""
"20","1753195c92c54e7a99ea85ca9ee9412c","0101","201404010007","BD67A51E0FD745FF85995648C57D6699","18471520800","1312DFE5F4584DB78B312E4B5D226B22","CK1403070026","2014/3/31 2:23:00","","已匹配","200*1300*L","板坯","PZ004002001","BLD","GZ000014","1.000000","A4X0000105","21.710000","21.710000","宝山钢铁股份有限公司直属厂部","KH05957","DA141C","2014/4/1 2:25:10","100034","","","0","20140307","","","0","候宪丽","","0.000000","0","","","",""
"21","a4aded2946b94c07b62f3dd6d6678659","0101","201404010007","204D91D9E6694BA1A85B9D739552D025","18472020800","2A4AA4B5C17543FAA9CC89D42D4DF196","CK1403070026","2014/3/31 2:24:00","","已匹配","200*1300*L","板坯","PZ004002001","BLD","GZ000014","1.000000","A4X0000105","21.900000","21.900000","宝山钢铁股份有限公司直属厂部","KH05957","DA141D","2014/4/1 2:25:10","100034","","","0","20140307","","","0","候宪丽","","0.000000","0","","","",""
"22","bd173d6db6fa40f79716844475f23353","0101","201404010015","C8E6512B1FF64EB3A201D3F1801CFBEC","18471420600","79B5821CCFED4CC7BA0934D77805AF03","CK1403070026","2014/3/31 3:47:00","","已匹配","200*1300*L","板坯","PZ004002001","BLD","GZ000014","1.000000","A4X0000105","21.740000","21.740000","宝山钢铁股份有限公司直属厂部","KH05957","DC121C","2014/4/1 3:47:56","100034","","","0","20140307","","","0","候宪丽","","0.000000","0","","","",""
"23","c35cc41002694f888eaa80f7e91cc3d0","0101","201404010005","35491543E8BE41A180882F71E1C7B9B8","18471420300","F229EE09BC6E43F985F791B8DBDAA263","CK1403070026","2014/3/31 2:01:00","","已匹配","200*1300*L","板坯","PZ004002001","BLD","GZ000014","1.000000","A4X0000105","21.710000","21.710000","宝山钢铁股份有限公司直属厂部","KH05957","DB1125","2014/4/1 2:03:05","100034","","","0","20140307","","","0","候宪丽","","0.000000","0","","","",""
"24","2320356e34824869bf1b7719dcf47c26","0101","201404010005","D1718F34991045B4AB44E265286D62DA","18471420800","399D4095CD4A4DB1A3387603B292B2AC","CK1403070026","2014/3/31 2:01:00","","已匹配","200*1300*L","板坯","PZ004002001","BLD","GZ000014","1.000000","A4X0000105","21.670000","21.670000","宝山钢铁股份有限公司直属厂部","KH05957","DB1126","2014/4/1 2:03:05","100034","","","0","20140307","","","0","候宪丽","","0.000000","0","","","",""
"25","edd79e83375e4a348fbbf8a31ead0be3","0101","201404010056","F5A3F03BA55646C58D1FD1A9F4DAA825","18478520200","1A53E1735DDD4A8EA046313875D1E544","CK1403250003","2014/3/31 17:07:00","","已匹配","200*1350*L","板坯","PZ004002001","SPCC","GZ000001","1.000000","A4X0000132","17.500000","17.500000","宝山钢铁股份有限公司直属厂部","KH05957","IC1111","2014/4/1 17:08:08","100009","","","0","20140319","","","0","周雪苓","","0.000000","0","","","",""
"26","df8df48ff2b045649cce2bdff402f384","0101","201404010025","43C3F9D6F5A34DD896AA4FF602A39274","18486710600","49B1019CB0354198AD0CDB167B1B29C4","CK1403250004","2014/4/1 9:10:00","","已匹配","200*1400*L","板坯","PZ004002001","BLD","GZ000014","1.000000","A4X0000156","21.380000","21.380000","宝山钢铁股份有限公司直属厂部","KH05957","DB113B","2014/4/1 9:06:40","100009","","","0","20140324","","","0","周雪苓","","0.000000","0","","","",""
"27","493f336deac844209f10bd10b7518114","0101","201404010025","A21A857C37F24E5390CB2DACC7DB237A","18486710500","5F7D62D11DA3491683C040F1AA5E9572","CK1403250004","2014/4/1 9:10:00","","已匹配","200*1400*L","板坯","PZ004002001","BLD","GZ000014","1.000000","A4X0000156","21.400000","21.400000","宝山钢铁股份有限公司直属厂部","KH05957","DB113C","2014/4/1 9:06:40","100009","","","0","20140324","","","0","周雪苓","","0.000000","0","","","",""
"28","a25d17211f874f6e9fd768e185e24455","0101","201404010024","38FC1CBC8EBA4C28827AE002127FF01D","18486610100","8355B65AD7354452818EDA8138A55ED2","CK1403250004","2014/4/1 9:04:00","","已匹配","200*1400*l","板坯","PZ004002001","BLD","GZ000014","1.000000","A4X0000155","21.980000","21.980000","宝山钢铁股份有限公司直属厂部","KH05957","DA13G1","2014/4/1 9:00:30","100009","","","0","20140324","","","0","周雪苓","","0.000000","0","","","",""
"29","58df0cca0d23436b90e8e18a82c2d97d","0101","201404010024","51C0C0092D3747FC8F8CDC8550F3A85C","18486210100","B0B442A8763146ADB3E84F600DE58BE3","CK1403250004","2014/4/1 9:05:00","","已匹配","200*1400*L","板坯","PZ004002001","BLD","GZ000014","1.000000","A4X0000156","22.080000","22.080000","宝山钢铁股份有限公司直属厂部","KH05957","DA13E1","2014/4/1 9:00:30","100009","","","0","20140324","","","0","周雪苓","","0.000000","0","","","",""
"30","80248701e48745d687bd3f21347649fb","0101","201404010049","221CEEF7C09D46CA8280507CFD68CC3F","18486410500","C5E76593F7904C589591B40F87F7CB29","CK1403250004","2014/3/31 15:28:00","","已匹配","200*1400*l","板坯","PZ004002001","BLD","GZ000014","1.000000","A4X0000155","21.670000","21.670000","宝山钢铁股份有限公司直属厂部","KH05957","ED1713","2014/4/1 15:28:10","100009","","","0","20140324","","","0","周雪苓","","0.000000","0","","","",""
"31","e1f0f07eaa004b74909fd6444eff5e44","0101","201404010049","4B576D75527249D88105BA58127C2020","18486510300","1B6E6BF65D0E46F0A790E4629021828E","CK1403250004","2014/3/31 15:28:00","","已匹配","200*1400*L","板坯","PZ004002001","BLD","GZ000014","1.000000","A4X0000156","21.670000","21.670000","宝山钢铁股份有限公司直属厂部","KH05957","ED1714","2014/4/1 15:28:10","100009","","","0","20140324","","","0","周雪苓","","0.000000","0","","","",""
"32","0b5ab30cc71e4e5a8831e80ab714aa37","0101","201404010028","17372D5D185F4441BDB81D1705180841","18486710300","00277D63E88D47E3AD5C5A5B460B8B95","CK1403250004","2014/4/1 10:24:00","","已匹配","200*1400*L","板坯","PZ004002001","BLD","GZ000014","1.000000","A4X0000156","21.870000","21.870000","宝山钢铁股份有限公司直属厂部","KH05957","DB1318","2014/4/1 10:20:17","100009","","","0","20140324","","","0","周雪苓","","0.000000","0","","","",""
"33","2b9817b0685048398a7f37ec51583a63","0101","201404010028","567A49B944CE4DD19EBB6E3B118694D2","18486710400","69DB6175474140C0BF167E4147179A63","CK1403250004","2014/4/1 10:24:00","","已匹配","200*1400*L","板坯","PZ004002001","BLD","GZ000014","1.000000","A4X0000156","21.880000","21.880000","宝山钢铁股份有限公司直属厂部","KH05957","DB1317","2014/4/1 10:20:17","100009","","","0","20140324","","","0","周雪苓","","0.000000","0","","","",""
"34","cc9a91bb5a414f65a2c755e4f49a939f","0101","201404010044","80493C43D424424A85E10376BD35C462","18485710700","38DFD86484FD4680A5A1D1780BCEA3BE","CK1403250004","2014/3/31 14:33:00","","已匹配","200*1450*0","板坯","PZ004002001","IIC340LA","GZ003868","1.000000","A4X0000172","21.460000","21.460000","宝山钢铁股份有限公司直属厂部","KH05957","EE1213","2014/4/1 14:33:59","100009","","","0","20140324","","","0","周雪苓","","0.000000","0","","","",""
"35","798f2a9325b1468dae2ba3a57d105240","0101","201404010044","EF615F4BE3BD4730B5A975A3995E7AFE","18485810300","5B6BAD04F0CD4505A00AD8CBCD8CD562","CK1403250004","2014/3/31 14:33:00","","已匹配","200*1450*L","板坯","PZ004002001","IIC340LA","GZ003868","1.000000","A4X0000173","21.650000","21.650000","宝山钢铁股份有限公司直属厂部","KH05957","ID1128","2014/4/1 14:33:59","100009","","","0","20140324","","","0","周雪苓","","0.000000","0","","","",""
"36","05b8346716a0477c89d658d2c1f25899","0101","201404010046","C9638FD4CF1E4C0E89B296E3AA6D4F0E","18485710500","230173BC8805452CB2C8661F88096D34","CK1403250004","2014/3/31 14:36:00","","已匹配","200*1450*0","板坯","PZ004002001","IIC340LA","GZ003868","1.000000","A4X0000172","21.450000","21.450000","宝山钢铁股份有限公司直属厂部","KH05957","EE1211","2014/4/1 14:36:33","100009","","","0","20140324","","","0","周雪苓","","0.000000","0","","","",""
"37","52706bf06f7b4f4192be8ff732af399d","0101","201404010046","86BEA9316ED04FA7933086D9764E270F","18485710600","791E02200974403D8984669CD71D42FE","CK1403250004","2014/3/31 14:36:00","","已匹配","200*1450*0","板坯","PZ004002001","IIC340LA","GZ003868","1.000000","A4X0000172","21.450000","21.450000","宝山钢铁股份有限公司直属厂部","KH05957","EE1212","2014/4/1 14:36:33","100009","","","0","20140324","","","0","周雪苓","","0.000000","0","","","",""
"38","da89594fa79647558c50be09352d0ce5","0101","201404010035","91DA915208924179BD8D716F45B1E0F4","18485510100","9C24B833C9434AAD9EF88614B353F66D","CK1403250004","2014/3/31 13:26:00","","已匹配","200*1450*0","板坯","PZ004002001","IIC340LA","GZ003868","1.000000","A4X0000172","21.580000","21.580000","宝山钢铁股份有限公司直属厂部","KH05957","IC22E1","2014/4/1 13:26:20","100009","","","0","20140324","","","0","周雪苓","","0.000000","0","","","",""
"39","c7cd323904854642ada0e4ad8d892825","0101","201404010035","17A43626CA5B40EA9BD6E5055EB494D7","18487020200","0BC8C84C4E6543F3AF82EEDFF0C42C8F","CK1403250004","2014/3/31 13:26:00","","已匹配","200*1450*L","板坯","PZ004002001","DC04","GZ000270","1.000000","A4X0000165","21.590000","21.590000","宝山钢铁股份有限公司直属厂部","KH05957","DA1119","2014/4/1 13:26:20","100009","","","0","20140324","","","0","周雪苓","","0.000000","0","","","",""
"40","79c7848b0eb24cb087b71e6f776354c7","0101","201404010055","9CB1A1B6CE484CF89637E0CECC6DB232","18486010600","B96C754ECD9F4D02ACEAED406D69B289","CK1403250004","2014/3/31 17:04:00","","已匹配","200*1300*l","板坯","PZ004002001","DC04","GZ000270","1.000000","A4X0000163","19.800000","19.800000","宝山钢铁股份有限公司直属厂部","KH05957","ED1813","2014/4/1 17:05:57","100009","","","0","20140324","","","0","周雪苓","","0.000000","0","","","",""
"41","1f0335c9b78b4001a60cb0d04e1639d0","0101","201404010055","A5DFBA64E831497895B58CD63BF84D39","18486610800","3412B66F10134BDBABBEA9B781275B20","CK1403250004","2014/3/31 17:05:00","","已匹配","200*1400*L","板坯","PZ004002001","BLD","GZ000014","1.000000","A4X0000156","21.980000","21.980000","宝山钢铁股份有限公司直属厂部","KH05957","IC2211","2014/4/1 17:05:57","100009","","","0","20140324","","","0","周雪苓","","0.000000","0","","","",""
"42","58c50f712ae54a2493148d6580cf8fd5","0101","201404010036","777E3EDEC1E74AC2BB1B9EBE8778148B","18485610400","45D3A573686F489A804F07AF7D3DB486","CK1403250004","2014/3/31 13:40:00","","已匹配","200*1450*0","板坯","PZ004002001","IIC340LA","GZ003868","1.000000","A4X0000172","21.450000","21.450000","宝山钢铁股份有限公司直属厂部","KH05957","1111 1","2014/4/1 13:39:58","100009","","","0","20140324","","","0","周雪苓","","0.000000","0","","","",""
"43","3b2995495e4e42c59bb7a37df24ae788","0101","201404010053","0E6C21B2E80542DBA99990443B2004D9","18486710100","EBF1373D659F4657BA3E4E80670FC3CB","CK1403250004","2014/3/31 16:35:00","","已匹配","200*1400*L","板坯","PZ004002001","BLD","GZ000014","1.000000","A4X0000156","21.670000","21.670000","宝山钢铁股份有限公司直属厂部","KH05957","IC2214","2014/4/1 16:35:48","100009","","","0","20140324","","","0","周雪苓","","0.000000","0","","","",""
"44","7fa2e037781e400abb58954e3df07394","0101","201404010053","DD9B0259976F44058FC783A095995206","18486610400","07206D4028804CE1ADC61D0197F49C70","CK1403250004","2014/3/31 16:35:00","","已匹配","200*1400*L","板坯","PZ004002001","BLD","GZ000014","1.000000","A4X0000156","21.990000","21.990000","宝山钢铁股份有限公司直属厂部","KH05957","IC2213","2014/4/1 16:35:48","100009","","","0","20140324","","","0","周雪苓","","0.000000","0","","","",""
"45","5f083cab16244105a930421bc3bf7d2e","0101","201404010031","A48A806A6BFF4F2786E0B7BF537FF878","18486310600","E6BC9A24B23741C5AF297A1746F6B645","CK1403250004","2014/3/31 12:25:00","","已匹配","200*1400*L","板坯","PZ004002001","BLD","GZ000014","1.000000","A4X0000154","21.900000","21.900000","宝山钢铁股份有限公司直属厂部","KH05957","DB1135","2014/4/1 12:26:06","100009","","","0","20140324","","","0","周雪苓","","0.000000","0","","","",""
"46","b3b02ef2bd6b44cb9266000986adc8c9","0101","201404010031","5B47DF8532FD472FA9B1BDF49B64CAD9","18486310500","EF0702DFF5AF482880EA7A5813F47102","CK1403250004","2014/3/31 12:25:00","","已匹配","200*1400*l","板坯","PZ004002001","BLD","GZ000014","1.000000","A4X0000155","21.900000","21.900000","宝山钢铁股份有限公司直属厂部","KH05957","DB1136","2014/4/1 12:26:06","100009","","","0","20140324","","","0","周雪苓","","0.000000","0","","","",""
"47","fbd72b01722d4f0b8e03b349a686f4cd","0101","201404010038","4FFB7E59E9D04C6AAE410990900987F8","18486110300","C3B54FB1BF4E485C9F0E2FF695B80943","CK1403250004","2014/3/31 13:56:00","","已匹配","200*1250*L","板坯","PZ004002001","DC04","GZ000270","1.000000","A4X0000170","19.250000","19.250000","宝山钢铁股份有限公司直属厂部","KH05957","ID112B","2014/4/1 13:56:11","100009","","","0","20140324","","","0","周雪苓","","0.000000","0","","","",""
"48","764eac2bd9284ddfbbd9f482a4cddf9b","0101","201404010038","E102BFADCC554C19B0C6BEB5D4EDFBFA","18485810400","CCF4A47F17EE4915B400719F7705555E","CK1403250004","2014/3/31 13:56:00","","已匹配","200*1450*L","板坯","PZ004002001","IIC340LA","GZ003868","1.000000","A4X0000173","21.650000","21.650000","宝山钢铁股份有限公司直属厂部","KH05957","ID112A","2014/4/1 13:56:11","100009","","","0","20140324","","","0","周雪苓","","0.000000","0","","","",""
"49","b7b910ce47e644af8d40d1a0d44af5ba","0101","201404010038","06A49233C9824B8BB93DD71217886CD4","18485810200","CE77746127BF4F3BAECFE18ACA1ADCAE","CK1403250004","2014/3/31 13:56:00","","已匹配","200*1450*L","板坯","PZ004002001","IIC340LA","GZ003868","1.000000","A4X0000173","21.650000","21.650000","宝山钢铁股份有限公司直属厂部","KH05957","ID1129","2014/4/1 13:56:11","100009","","","0","20140324","","","0","周雪苓","","0.000000","0","","","",""
"50","3db5d552cb1d4e23afb6c80dbb51b5e4","0101","201404010050","00BEC2BA065641638CDF75A7B1200F24","18486410700","D339ABA2BA5E4A74A5370F341522AF19","CK1403250004","2014/3/31 15:31:00","","已匹配","200*1400*l","板坯","PZ004002001","BLD","GZ000014","1.000000","A4X0000155","21.680000","21.680000","宝山钢铁股份有限公司直属厂部","KH05957","ED1711","2014/4/1 15:31:54","100009","","","0","20140324","","","0","周雪苓","","0.000000","0","","","",""
"51","59eb40077a9b411986a7c8e33751d492","0101","201404010050","59CE518EB03B4300B1AD5030575D3D33","18486410600","5F8FA251CE2D4B8D874902D9EDB2BD55","CK1403250004","2014/3/31 15:32:00","","已匹配","200*1400*l","板坯","PZ004002001","BLD","GZ000014","1.000000","A4X0000155","21.680000","21.680000","宝山钢铁股份有限公司直属厂部","KH05957","ED1712","2014/4/1 15:31:55","100009","","","0","20140324","","","0","周雪苓","","0.000000","0","","","",""
"52","64e73a30ad984be9b4a53f622e569f5a","0101","201404010026","AEB974112A5C44D0BBB5FD30CB288207","18486610200","BC4D4F51E755420AA8AD6925690F6BE3","CK1403250004","2014/4/1 9:13:00","","已匹配","200*1400*l","板坯","PZ004002001","BLD","GZ000014","1.000000","A4X0000155","21.990000","21.990000","宝山钢铁股份有限公司直属厂部","KH05957","DB1319","2014/4/1 9:09:04","100009","","","0","20140324","","","0","周雪苓","","0.000000","0","","","",""
"53","d5868290884f42ed9414578b35370cb2","0101","201404010026","DBA75D9A9ED74621AE65EB128E55A771","18486710700","607CAE932D2A42F68440DF8AEE189E97","CK1403250004","2014/4/1 9:13:00","","已匹配","200*1400*L","板坯","PZ004002001","BLD","GZ000014","1.000000","A4X0000156","21.380000","21.380000","宝山钢铁股份有限公司直属厂部","KH05957","DB113A","2014/4/1 9:09:04","100009","","","0","20140324","","","0","周雪苓","","0.000000","0","","","",""
"54","6e6ab8d21e8c494ea34329a5fb5f6e52","0101","201404010037","73862125181A4BFEAC3FD53A66EB0CC9","18485710200","253C7C5EA8F94786AE16B6DB0DAC294A","CK1403250004","2014/3/31 13:43:00","","已匹配","200*1450*L","板坯","PZ004002001","IIC340LA","GZ003868","1.000000","A4X0000173","21.440000","21.440000","宝山钢铁股份有限公司直属厂部","KH05957","EE111A","2014/4/1 13:43:41","100009","","","0","20140324","","","0","周雪苓","","0.000000","0","","","",""
"55","7f0b5d1e70194af7811e76f02c2143b1","0101","201404010037","B36CDE4F215042EF8499C3357A216B53","18486110500","278652CC303B4FE0A44FB37FD8B06F19","CK1403250004","2014/3/31 13:43:00","","已匹配","200*1250*L","板坯","PZ004002001","DC04","GZ000270","1.000000","A4X0000170","19.250000","19.250000","宝山钢铁股份有限公司直属厂部","KH05957","ID112C","2014/4/1 13:43:41","100009","","","0","20140324","","","0","周雪苓","","0.000000","0","","","",""
"56","3048dc17a80e45b0bf1a4da6acb3f7e9","0101","201404010034","441119D09F9D41C19E62708AEDF244C7","18486310300","1C51272DCD6F43C9A97A64E21779355E","CK1403250004","2014/3/31 13:19:00","","已匹配","200*1400*l","板坯","PZ004002001","BLD","GZ000014","1.000000","A4X0000155","21.990000","21.990000","宝山钢铁股份有限公司直属厂部","KH05957","DB1132","2014/4/1 13:19:42","100009","","","0","20140324","","","0","周雪苓","","0.000000","0","","","",""
"57","d1fbfcc4348c4bec8f810219673796fb","0101","201404010034","6EDAAA1E181C48DC8996A242D031FFF8","18486310400","B35AA609F51649F8AE262E4223622D63","CK1403250004","2014/3/31 13:19:00","","已匹配","200*1400*l","板坯","PZ004002001","BLD","GZ000014","1.000000","A4X0000155","21.900000","21.900000","宝山钢铁股份有限公司直属厂部","KH05957","DB1131","2014/4/1 13:19:42","100009","","","0","20140324","","","0","周雪苓","","0.000000","0","","","",""
"58","36b218d3b1024230af0520986489d238","0101","201404010023","96A3925ACFCF4F4AA5BA3FF7256E24BF","18486210500","39ADCDC5AF1E4068B4F7B00D63C7D935","CK1403250004","2014/4/1 9:02:00","","已匹配","200*1350*l","板坯","PZ004002001","BLD","GZ000014","1.000000","A4X0000158","22.660000","22.660000","宝山钢铁股份有限公司直属厂部","KH05957","DA13H1","2014/4/1 8:58:19","100009","","","0","20140324","","","0","周雪苓","","0.000000","0","","","",""
"59","83d9e3cc99e24740ba6bab20522b22a3","0101","201404010023","3DF17F21867948349882D5843E18E148","18486210400","69EF3F78B8FA4087BC3C95A56034E5AF","CK1403250004","2014/4/1 9:02:00","","已匹配","200*1350*l","板坯","PZ004002001","BLD","GZ000014","1.000000","A4X0000158","22.660000","22.660000","宝山钢铁股份有限公司直属厂部","KH05957","DA13I1","2014/4/1 8:58:19","100009","","","0","20140324","","","0","周雪苓","","0.000000","0","","","",""
"60","829134a477b2487fbce9941ae72e5f65","0101","201404010036","32BA0FA31F0A4787B14F0B89BA78B486","18485510500","9587AB0CA8DF41B380B2249277143BB4","CK1403250004","2014/3/31 13:37:00","","已匹配","200*1450*0","板坯","PZ004002001","IIC340LA","GZ003868","1.000000","A4X0000172","21.450000","21.450000","宝山钢铁股份有限公司直属厂部","KH05957","EE111C","2014/4/1 13:37:08","100009","2014/4/1 13:39:58","100009","0","20140324","","","0","周雪苓","","0.000000","0","","","",""
"61","9aedf8898b484d07802e6c3b9fbf725e","0101","201404010047","9946B1B9A331466A81F163F0DA2EB54D","18486410800","BA57779C3CD143958E6F92E1CA0DA04E","CK1403250004","2014/3/31 14:51:00","","已匹配","200*1400*l","板坯","PZ004002001","BLD","GZ000014","1.000000","A4X0000155","21.670000","21.670000","宝山钢铁股份有限公司直属厂部","KH05957","ED1816","2014/4/1 14:51:49","100009","","","0","20140324","","","0","周雪苓","","0.000000","0","","","",""
"62","5b5112e06c274bd3a5d86e5b53a7df20","0101","201404010047","28B56CCE4295421AB4B107426E138693","18486510100","323A2333332344809C7979E6F2CCB4A7","CK1403250004","2014/3/31 14:51:00","","已匹配","200*1400*l","板坯","PZ004002001","BLD","GZ000014","1.000000","A4X0000155","21.670000","21.670000","宝山钢铁股份有限公司直属厂部","KH05957","DE1715","2014/4/1 14:51:49","100009","","","0","20140324","","","0","周雪苓","","0.000000","0","","","",""
"63","ca6a5f0da6ae473688f55f1c7e42047d","0101","201404010056","B782124450CA4CAF8BC5E2E880FE52F0","18486610500","97BF8D462A7145159D9FDA60C0828FEF","CK1403250004","2014/3/31 17:07:00","","已匹配","200*1400*L","板坯","PZ004002001","BLD","GZ000014","1.000000","A4X0000156","21.980000","21.980000","宝山钢铁股份有限公司直属厂部","KH05957","IC2212","2014/4/1 17:08:08","100009","","","0","20140324","","","0","周雪苓","","0.000000","0","","","",""
"64","383388d196234cd589f6f136e11b0fed","0101","201404010030","7DA211463C0A42AEAC8D67A2BF6F07E0","18486710200","C444915312E4425CBDAC4C607BC0AB4F","CK1403250004","2014/3/31 12:23:00","","已匹配","200*1400*L","板坯","PZ004002001","BLD","GZ000014","1.000000","A4X0000156","21.880000","21.880000","宝山钢铁股份有限公司直属厂部","KH05957","DB1134","2014/4/1 12:24:13","100009","","","0","20140324","","","0","周雪苓","","0.000000","0","","","",""
"65","ffbe356f1e7c4617a14959b150a09f30","0101","201404010030","3DB34C7D16FF48CEB12DF0A7CBD891DC","18486310200","7DE66C9F784A46D5A0438B53FE35ADDA","CK1403250004","2014/3/31 12:23:00","","已匹配","200*1400*l","板坯","PZ004002001","BLD","GZ000014","1.000000","A4X0000155","21.880000","21.880000","宝山钢铁股份有限公司直属厂部","KH05957","DB1133","2014/4/1 12:24:13","100009","","","0","20140324","","","0","周雪苓","","0.000000","0","","","",""
"66","73d1a7751671498680aafd53121b6b7f","0101","201404110007","EB17F46644F84E3BAD9F6293BC119E87","140223262S-06","E273DDB35FD945DE8A873924B3027AB9","CK1403270020","2014/4/10 8:42:00","","已匹配","3.5*1250*600/750","热轧开平板","PZ001005","SPHC","GZ000005","2.000000","SXJM梅山岗7140304Q","0.050000","0.050000","上海Z天实业有限公司","KH03186","KN1111","2014/4/11 8:42:38","100034","","","0","20140036","","","0","候宪丽","","0.000000","0","","","",""
"67","fcc204fc63af4cde99fc1ca1e3a85b9e","0101","201404110007","A027C8DE94C04EE6B40E096CCFAAF3C1","140223261S-02","8909F1AE3370421581F4CC4F5CB7A546","CK1403270020","2014/4/10 8:42:00","","已匹配","3.5*1250*1705","热轧开平板","PZ001005","SPHC","GZ000005","67.000000","SXJM梅山岗7140304Q","3.950000","3.950000","上海Z天实业有限公司","KH03186","KB1111","2014/4/11 8:42:38","100034","","","0","20140036","","","0","候宪丽","","0.000000","0","","","",""
"68","014667c9efe04f12b1f548715311706f","0101","201404110007","45AC403BC00B4DBB8E3032B221696F92","140223262S-05","7A4BA412743E4B10B513B075D4DE0C13","CK1403270020","2014/4/10 8:42:00","","已匹配","3.5*1250*1905","热轧开平板","PZ001005","SPHC","GZ000005","49.000000","SXJM梅山岗7140304Q","3.220000","3.220000","上海Z天实业有限公司","KH03186","KN1111","2014/4/11 8:42:38","100034","","","0","20140036","","","0","候宪丽","","0.000000","0","","","",""
"69","531c5ee9e28b412d8a81623fe90b31e6","0101","201404030037","373CC5CFAFE54371A6A60D339C84CA60","140223261S-07","4C1A45924BBA4DECAB9E9ECE59EF3854","CK1403270020","2014/4/2 13:31:00","","已匹配","3.5*1250*600/200","热轧开平板","PZ001005","SPHC","GZ000005","2.000000","SXJM梅山岗7140304Q","0.030000","0.030000","上海Z天实业有限公司","KH03186","KB1111","2014/4/3 13:32:21","100033","","","0","20140036","","","0","陈爱梅","","0.000000","0","","","",""
"70","2f6a9921f6f04a3cadcc0ba2eda35a0e","0101","201404030037","6B9B9B5C87B545AE8B00CDB303F8E8AC","140223261S-06","6483C9C897FF480386C0356DC4DB5EAE","CK1403270020","2014/4/2 13:31:00","","已匹配","3.5*1250*1955","热轧开平板","PZ001005","SPHC","GZ000005","37.000000","SXJM梅山岗7140304Q","2.500000","2.500000","上海Z天实业有限公司","KH03186","KB1111","2014/4/3 13:32:21","100033","","","0","20140036","","","0","陈爱梅","","0.000000","0","","","",""
"71","bcc91164398b4f8f96bd66ea3286465a","0101","201404030037","84EAB86B905843598851FF98334F27C3","140223261S-05","4C7FE635E1814575B07BFD31E956023E","CK1403270020","2014/4/2 13:31:00","","已匹配","3.5*1250*1705","热轧开平板","PZ001005","SPHC","GZ000005","20.000000","SXJM梅山岗7140304Q","1.180000","1.180000","上海Z天实业有限公司","KH03186","KB1111","2014/4/3 13:32:21","100033","","","0","20140036","","","0","陈爱梅","","0.000000","0","","","",""
"72","9a5892db77c3421690c2bea2d8829b75","0101","201404030037","B61FDDF9F7754ABC83B54C1D31B19C3B","140223261S-03","712717A44F314B1B992132AC5A649B21","CK1403270020","2014/4/2 13:32:00","","已匹配","3.5*1250*1705","热轧开平板","PZ001005","SPHC","GZ000005","68.000000","SXJM梅山岗7140304Q","4.010000","4.010000","上海Z天实业有限公司","KH03186","KB1111","2014/4/3 13:32:21","100033","","","0","20140036","","","0","陈爱梅","","0.000000","0","","","",""
"73","b91329f7d559499dad80137b3102a53d","0101","201404070026","1B7703C7931344C0A73FE57CC142F04C","140223261S-01","E88959BF684C4CDB88A80F8D219B8354","CK1403270020","2014/4/6 15:12:00","","已匹配","3.5*1250*1705","热轧开平板","PZ001005","SPHC","GZ000005","67.000000","SXJM梅山岗7140304Q","3.950000","3.950000","上海Z天实业有限公司","KH03186","KB1111","2014/4/7 15:12:32","100009","","","0","20140036","","","0","张永军","","0.000000","0","","","",""
"74","7c5e9988b8d447009a385201b6878e4a","0101","201404070026","5E4AA9AFD0B3426086A6ADFEB7CDB8C7","140223261S-04","824F219E2C11411EB639A03FE9480FB4","CK1403270020","2014/4/6 15:12:00","","已匹配","3.5*1250*1705","热轧开平板","PZ001005","SPHC","GZ000005","68.000000","SXJM梅山岗7140304Q","4.010000","4.010000","上海Z天实业有限公司","KH03186","KB1111","2014/4/7 15:12:32","100009","","","0","20140036","","","0","张永军","","0.000000","0","","","",""
"75","23ace1fe131741d284990cbeb3cc7be3","0101","201404020033","D74EA57DE76947848D0DA1E25628A694","41H10200700-02","D3CE009CC9A14182BCA3F9CAAF6408BE","CK1403280028","2014/4/2 12:10:59","","1","3.5*110*0","带钢","PZ001001030","Q235B","GZ000419","1.000000","QR恒顺达66140224C","1.060000","1.060000","上海张轩贸易有限公司","KH01666","KB1111","2014/4/2 12:11:35","100034","","","0","20140328","100034","张永华","0","候宪丽","","0.000000","0","","","",""
"76","b2ff9d524acc416cb732e09346324816","0101","201404020033","BC2119E0A9084F1E82BA21E0FBB31634","41H10200700-05","00903F8DA2744352A0FA209FF144C261","CK1403280028","2014/4/2 12:10:59","","1","3.5*140*0","带钢","PZ001001030","Q235B","GZ000419","1.000000","QR恒顺达66140224C","1.360000","1.360000","上海张轩贸易有限公司","KH01666","KB1111","2014/4/2 12:11:35","100034","","","0","20140328","100034","张永华","0","候宪丽","","0.000000","0","","","",""
"77","6be14f141d544e509c8761e73a3b3196","0101","201404020033","DB0EF6CDF80E4BFF9282E699EA42C271","41H10200700-04","EC6156098C62487A8EC107BF43603FD6","CK1403280028","2014/4/2 12:10:59","","1","3.5*110*0","带钢","PZ001001030","Q235B","GZ000419","1.000000","QR恒顺达66140224C","1.060000","1.060000","上海张轩贸易有限公司","KH01666","KB1111","2014/4/2 12:11:35","100034","","","0","20140328","100034","张永华","0","候宪丽","","0.000000","0","","","",""
"78","226e420468b04cfca81debe65fb20758","0101","201404020033","0910632B51A04920A9F92DD9214380C6","41H10200700-10","11DF3E3C1AA14AE88161B152B79619EA","CK1403280028","2014/4/2 12:10:59","","1","3.5*140*0","带钢","PZ001001030","Q235B","GZ000419","1.000000","QR恒顺达66140224C","1.340000","1.340000","上海张轩贸易有限公司","KH01666","KB1111","2014/4/2 12:11:35","100034","","","0","20140328","100034","张永华","0","候宪丽","","0.000000","0","","","",""
"79","dfa5bea7afc0406b8e9e75416d8a7ded","0101","201404020033","B842E24BF3744AEFAA496D093455E12A","41H10200700-03","2AFF9D865D884C8DB6126A25A11E7366","CK1403280028","2014/4/2 12:10:59","","1","3.5*110*0","带钢","PZ001001030","Q235B","GZ000419","1.000000","QR恒顺达66140224C","1.060000","1.060000","上海张轩贸易有限公司","KH01666","KB1111","2014/4/2 12:11:35","100034","","","0","20140328","100034","张永华","0","候宪丽","","0.000000","0","","","",""
"80","0afa6e7697ff4e09bf42c949a915568c","0101","201404020033","7A4B95066F964CB39A48A43B21ECF2D0","41H10200700-11","4574E20B4299459095FA6F3BBD549341","CK1403280028","2014/4/2 12:10:59","","1","3.5*BS*1+BT*1","带钢","PZ001001030","Q235B","GZ000419","2.000000","QR恒顺达66140224C","0.110000","0.110000","上海张轩贸易有限公司","KH01666","KB1111","2014/4/2 12:11:35","100034","","","0","20140328","100034","张永华","0","候宪丽","","0.000000","0","","","",""
"81","5b6aec2ce3064d6c83393bc989a60640","0101","201404020033","2A608CEE15964D67A1FBBDE43F62CB31","41H10200700-08","5BED5FA3249449288A229C5715EB82E8","CK1403280028","2014/4/2 12:10:59","","1","3.5*110*0","带钢","PZ001001030","Q235B","GZ000419","1.000000","QR恒顺达66140224C","1.040000","1.040000","上海张轩贸易有限公司","KH01666","KB1111","2014/4/2 12:11:35","100034","","","0","20140328","100034","张永华","0","候宪丽","","0.000000","0","","","",""
"82","47d58268f114440294c31c12d5b05f00","0101","201404020033","9331F0BD35A9456D8CA23FC73CCD2E33","41H10200700-07","A0948261560D4D1A8E571621A8AA250B","CK1403280028","2014/4/2 12:10:59","","1","3.5*110*0","带钢","PZ001001030","Q235B","GZ000419","1.000000","QR恒顺达66140224C","1.040000","1.040000","上海张轩贸易有限公司","KH01666","KB1111","2014/4/2 12:11:35","100034","","","0","20140328","100034","张永华","0","候宪丽","","0.000000","0","","","",""
"83","0af4c75591e44b82b5f342d71e46d0d1","0101","201404020033","48216E4AF8A6450481F49ACB8255F1E8","41H10200700-09","B3F423704EEF481C8101C5D9C28BA845","CK1403280028","2014/4/2 12:10:59","","1","3.5*110*0","带钢","PZ001001030","Q235B","GZ000419","1.000000","QR恒顺达66140224C","1.040000","1.040000","上海张轩贸易有限公司","KH01666","KB1111","2014/4/2 12:11:35","100034","","","0","20140328","100034","张永华","0","候宪丽","","0.000000","0","","","",""
"84","fb9481279e174b2ebe74309e1eae5466","0101","201403310035","F8C96914717A4290885A1DC489BF2190","R4005054A020-11","197868E272424D70A1A0D494149A43F6","CK1403300014","2014/3/31 22:17:55","","1","1.5*BS*4+BT*2","带钢","PZ001001030","SPHC","GZ000005","6.000000","6HK20140329A","0.379000","0.379000","上海鸿厚贸易有限公司","KH04928","S1111","2014/3/31 22:19:09","100007","2014/3/31 22:48:15","100034","0","140327-0211/07","100007","苏雪林","0","","","0.000000","0","","","",""
"85","07097b27f9084d2f987bdbbdc479174e","0101","201403310035","620F4FE2128D4D1E8FB6529AC95D1A09","R4004928A060-15","9E12A7CB18CE4ED08FB0D96944713EDF","CK1403300014","2014/3/31 22:17:55","","1","1.5*边丝*4/板头*1","带钢","PZ001001030","SPHC","GZ000005","5.000000","6HK140328A","0.420000","0.420000","上海鸿厚贸易有限公司","KH04928","S1111","2014/3/31 22:19:09","100007","2014/3/31 22:48:15","100034","0","140327-0211/07","100007","苏雪林","0","","","0.000000","0","","","",""
"86","75b7a6d3404f4d4196faa7be2ac9b72b","0101","201403310035","F78F8BF64C68409B9B724B88753E9828","X140116281S-08","A55D84272FB549AF8CEC975C5A401763","CK1403300015","2014/3/31 22:17:55","","1","2.75*275*0","带钢","PZ001001030","Q235B","GZ000419","1.000000","SXJM兴宁77140225E","2.090000","2.090000","上海鸿厚贸易有限公司","KH04928","S1111","2014/3/31 22:19:09","100007","2014/3/31 22:48:15","100034","0","140327-0210","100007","苏雪林","0","","","0.000000","0","","","",""
"87","cc8e7aa582a44b5d95014fab9e43d0fe","0101","201403310035","F12F63333E284C15A350C77491EB313A","X140116291S-15","F975321826E445BAAE2AED431B9C03B4","CK1403300015","2014/3/31 22:17:55","","1","bs*2+bt400","带钢","PZ001001030","Q235B","GZ000419","3.000000","SXJM金兆22140224D","0.200000","0.200000","上海鸿厚贸易有限公司","KH04928","S1111","2014/3/31 22:19:09","100007","2014/3/31 22:48:15","100034","0","140327-0210","100007","苏雪林","0","","","0.000000","0","","","",""
"88","b6e63231583b4be4838d80e45c248989","0101","201403310035","3CB8AFD36DAC4C82AA0FCA95EF4F707E","X140116281S-09","3E94EB10B9E44A719AE2781D761F3F93","CK1403300015","2014/3/31 22:17:55","","1","2.75*275*0","带钢","PZ001001030","Q235B","GZ000419","1.000000","SXJM兴宁77140225E","2.090000","2.090000","上海鸿厚贸易有限公司","KH04928","KB1111","2014/3/31 22:19:09","100007","2014/3/31 22:48:15","100034","0","140327-0210","100007","苏雪林","0","","","0.000000","0","","","",""
"89","701be30f448e46eaa71d96f2de4c377f","0101","201403310035","4AA51FCCF6884D3E9E0E609DB0DDC91B","X140116281S-06","528A23F10EA04E75A893B56D2F12C787","CK1403300015","2014/3/31 22:17:55","","1","2.75*114*0","带钢","PZ001001030","Q235B","GZ000419","1.000000","SXJM兴宁77140225E","0.870000","0.870000","上海鸿厚贸易有限公司","KH04928","KB1111","2014/3/31 22:19:09","100007","2014/3/31 22:48:15","100034","0","140327-0210","100007","苏雪林","0","","","0.000000","0","","","",""
"90","d3014deba37c4afea4975326274aca0a","0101","201403310035","F98AC45907FC41B09F2FD902EC79E7E9","X140116281S-10","8878D0A9C8F2414889FD6FC7A8D3C854","CK1403300015","2014/3/31 22:17:55","","1","2.75*226*0","带钢","PZ001001030","Q235B","GZ000419","1.000000","SXJM兴宁77140225E","1.720000","1.720000","上海鸿厚贸易有限公司","KH04928","KB1111","2014/3/31 22:19:09","100007","2014/3/31 22:48:15","100034","0","140327-0210","100007","苏雪林","0","","","0.000000","0","","","",""
"91","2bcbf667a27641b9807f923b9dd4a966","0101","201403310035","C44A715A83CF43D0AFBBC290E1010946","X140116281S-07","6671804795D746DD8C360AD854693941","CK1403300015","2014/3/31 22:17:55","","1","2.75*356*0","带钢","PZ001001030","Q235B","GZ000419","1.000000","SXJM兴宁77140225E","2.710000","2.710000","上海鸿厚贸易有限公司","KH04928","KB1111","2014/3/31 22:19:09","100007","2014/3/31 22:48:15","100034","0","140327-0210","100007","苏雪林","0","","","0.000000","0","","","",""
"92","9796eb8ff5204372819992b69d3d844c","0101","201403310035","44EC8E9ABBD44F3AB15A9F11AE3C8C4E","X140116281S-11","AB6252B7AF314E5FAB5BB792094790E1","CK1403300015","2014/3/31 22:17:55","","1","bs*2+bt400/200","带钢","PZ001001030","Q235B","GZ000419","4.000000","SXJM兴宁77140225E","0.280000","0.280000","上海鸿厚贸易有限公司","KH04928","KB1111","2014/3/31 22:19:09","100007","2014/3/31 22:48:15","100034","0","140327-0210","100007","苏雪林","0","","","0.000000","0","","","",""
"93","589316eb7d76430cb6a44062d1e6819d","0101","201403310003","83BC621D206F4B5E928639C056966EF4","41103915-01","85f4f0cd8d5d4a469beef4083f20ec41","CK1403310001","2014/3/30 13:12:00","","已匹配","3*271*0","带钢","PZ001001030","SPHC","GZ000005","1.000000","HHMY富海3820140118B","4.968000","4.968000","浙江宏厚贸易有限公司","KH02655","KB1111","2014/3/31 13:14:55","100033","2014/3/31 13:30:51","100033","0","140328-0404","","","0","陈爱梅","","0.000000","0","","","",""
"94","b30cec351f0e410e87906283cab87a1d","0101","201403310003","58FA1841821F4BAD858EA745B9FA27D5","41103915-02","73b2d3035e0a44f7a2be05693addbb96","CK1403310001","2014/3/30 13:11:00","","已匹配","3*271*0","带钢","PZ001001030","SPHC","GZ000005","1.000000","HHMY富海3820140118B","4.968000","4.968000","浙江宏厚贸易有限公司","KH02655","KB1111","2014/3/31 13:14:55","100033","2014/3/31 13:30:51","100033","0","140328-0404","","","0","陈爱梅","","0.000000","0","","","",""
"95","3e68584de35c4963a28247954af81af0","0101","201403310003","F4C6B6CA86474686A533F14D08E76383","41103915-03","fc528fd9569e4237a2a311ca5ebedfdd","CK1403310001","2014/3/30 13:10:00","","已匹配","3*271*0","带钢","PZ001001030","SPHC","GZ000005","1.000000","HHMY富海3820140118B","4.968000","4.968000","浙江宏厚贸易有限公司","KH02655","KB1111","2014/3/31 13:14:55","100033","2014/3/31 13:30:51","100033","0","140328-0404","","","0","陈爱梅","","0.000000","0","","","",""
"96","a82ed82bf3e447cd96ee8c3a07776d23","0101","201403310003","DB66E3BC9A5C472FB16DA260CEC14C1E","41103915-04","bd7f9a390ad64c21b134d35213079c10","CK1403310001","2014/3/30 13:11:00","","已匹配","3*271*0","带钢","PZ001001030","SPHC","GZ000005","1.000000","HHMY富海3820140118B","4.968000","4.968000","浙江宏厚贸易有限公司","KH02655","KB1111","2014/3/31 13:14:55","100033","2014/3/31 13:30:51","100033","0","140328-0404","","","0","陈爱梅","","0.000000","0","","","",""
"97","dfaddfd9cc9c4efaba05516ad2ede49a","0101","201403310003","3C88B434DF6845578E67BEFF793F3153","41103915-05","2a1193953c4d4cfeb1a799e55393d196","CK1403310001","2014/3/30 13:10:00","","已匹配","3*271*0","带钢","PZ001001030","SPHC","GZ000005","1.000000","HHMY富海3820140118B","4.968000","4.968000","浙江宏厚贸易有限公司","KH02655","KB1111","2014/3/31 13:14:55","100033","2014/3/31 13:30:51","100033","0","140328-0404","","","0","陈爱梅","","0.000000","0","","","",""
"98","c5f6910f363e4a2494ae039df31817bb","0101","201403310003","1914DF3E2056442C99FBB7730FDEC37E","41103915-06","46dd74f252bc4e8cb2482766c2c7443a","CK1403310001","2014/3/30 13:30:00","","已匹配","3*129*0","带钢","PZ001001030","SPHC","GZ000005","1.000000","HHMY富海3820140118B","2.363000","2.363000","浙江宏厚贸易有限公司","KH02655","BK1111","2014/3/31 13:30:51","100033","","","0","140328-0404","","","0","陈爱梅","","0.000000","0","","","",""
"99","c1f8b988806e4949a8afb32c5ff6a906","0101","201403310003","44A717CF2D0D4FA79132330D11F11F7E","41103915-07","467078d2edfa472ca6c4221059e1422b","CK1403310001","2014/3/30 13:31:00","","已匹配","3*BS*2+BT*1","带钢","PZ001001030","SPHC","GZ000005","3.000000","HHMY富海3820140118B","0.459000","0.459000","浙江宏厚贸易有限公司","KH02655","BK1111","2014/3/31 13:30:51","100033","","","0","140328-0404","","","0","陈爱梅","","0.000000","0","","","",""
