"70bd57671251453fb13e0e5b9a555504","0101","R4269704600","1232207116577","DD1311","004001","KH05188","沈阳宝钢东北贸易有限公司","TI151411000037","RK1501120012","R4269704600","I4K0000317","2015/1/11 18:01:52","TI151411000037","20","正常在库","0","018001","普通货物","PZ001001014","直发卷","GZ000419","Q235B","","宝钢","","160019","2*1250*C","2.000000","1250.000000","0.000000","23.210000","23.210000","23.210000","0.000000","1.000000","","","","KH05188","2015/1/12 8:36:40","","","","20","","0","","","","直发卷","Q235B","2*1250*C","1","2015/1/12 8:37:01","100003","2015/1/12 8:40:57","100003","0","2015/1/12 8:36:40","H06500443","钢联沪D41092","1911.000000","0","","钱晓平","","","","","2015/1/12 8:36:56","0.000000","0.000000","70bd57671251453fb13e0e5b9a555504","0.000000","","0.000000","0.000000","0.000000","","","","","","0","0","","","0.000000","0","0","","","","","","","","","","","","张志芬",""
"a750b7edb9c147088fe2d508dc8e47e9","0101","R5005205900","1232207114337","CB2342","004001","KH00004","成都宝钢西部贸易有限公司","TI15150100048","RK1501120016","R5005205900","I5DC000039","2015/1/12 7:21:27","TI15150100048","20","正常在库","0","018001","普通货物","PZ001001014","直发卷","GZ000336","SAPH440","","宝钢","","160201","3*1016*C","3.000000","1016.000000","0.000000","16.280000","16.280000","16.280000","0.000000","1.000000","","","","KH00004","2015/1/12 8:43:44","","","","20","","0","","","","直发卷","SAPH440","3*1016*C","1","2015/1/12 8:44:38","100003","2015/1/12 8:56:59","100003","0","2015/1/12 8:43:44","H12500675","钢联沪B96070","1801.000000","0","","钱晓平","","","","","2015/1/12 8:44:32","0.000000","0.000000","a750b7edb9c147088fe2d508dc8e47e9","0.000000","","0.000000","0.000000","0.000000","","","","","","0","0","","","0.000000","0","0","","","","","","","","","","","","周雪苓",""
"8b2f6fc8468f4ee5b3d6c5dc9fcf8aaf","0101","R5000103401","R5000103401","CA2381","004001","KH00004","成都宝钢西部贸易有限公司","TI13141100039","RK1501120019","R5000103401","I4DC000400","2015/1/11 18:01:40","TI13141100039","20","正常在库","0","018001","普通货物","PZ001001004","热卷","GZ000336","SAPH440","","宝钢","","160082","2*1250*C","2.000000","1250.000000","0.000000","17.920000","17.920000","17.920000","0.000000","1.000000","","","","KH00004","2015/1/12 8:47:21","","","","20","","0","","","","","SAPH440","2*1250*C","1","2015/1/12 8:47:36","100003","2015/1/12 8:57:00","100003","0","2015/1/12 8:47:21","H07500524","钢联沪D41136","1692.000000","0","","钱晓平","","","","","2015/1/12 8:47:29","0.000000","0.000000","8b2f6fc8468f4ee5b3d6c5dc9fcf8aaf","0.000000","","0.000000","0.000000","0.000000","","","","","","0","0","","","0.000000","0","0","","","","","","","","","","","","张永军",""
"d620b6ca4e7f44d581adc6ecc997068e","0101","R5002004301","1231208330975","111  1","004001","KH00004","成都宝钢西部贸易有限公司","TI13141100026","RK1501120022","R5002004301","I4D0001044","2015/1/12 7:21:27","TI13141100026","20","正常在库","0","018001","普通货物","PZ001001004","热卷","GZ000005","SPHC","","宝钢","","160138","1.8*1250*C","1.800000","1250.000000","0.000000","22.030000","22.030000","22.030000","0.000000","1.000000","","","","KH00004","2015/1/12 8:49:10","","","","20","","0","","","","","SPHC","1.8*1250*C","1","2015/1/12 8:50:39","100003","2015/4/1 5:10:54","100009","0","2015/1/12 8:49:10","H07500547","钢联沪B96070","1845.000000","0","","钱晓平","","","","","2015/1/12 8:50:33","0.000000","0.000000","d620b6ca4e7f44d581adc6ecc997068e","0.000000","","0.000000","0.000000","0.000000","","","","","","0","0","","","0.000000","0","0","","","","","","","","","","","","周雪苓",""
"0c64e23136ad44938d42c10cb5890e1f","0101","R5001902601","1232207114368","CB1321","004001","KH00004","成都宝钢西部贸易有限公司","TI13141100026","RK1501120022","R5001902601","I4D0001044","2015/1/12 7:21:27","TI13141100026","20","正常在库","0","018001","普通货物","PZ001001004","热卷","GZ000005","SPHC","","宝钢","","158860","1.8*1250*C","1.800000","1250.000000","0.000000","23.140000","23.140000","23.140000","0.000000","1.000000","","","","KH00004","2015/1/12 8:49:10","","","","20","","0","","","","","SPHC","1.8*1250*C","1","2015/1/12 8:50:39","100003","2015/1/12 8:57:00","100003","0","2015/1/12 8:49:10","H07500547","钢联沪B96070","1887.000000","0","","钱晓平","","","","","2015/1/12 8:50:33","0.000000","0.000000","0c64e23136ad44938d42c10cb5890e1f","0.000000","","0.000000","0.000000","0.000000","","","","","","0","0","","","0.000000","0","0","","","","","","","","","","","","周雪苓",""
"db83e8e6704e49f9a1b5716bd3875c32","0101","R5005002100","1232207116584","DC1612","004001","KH00004","成都宝钢西部贸易有限公司","TI15141100239","RK1501120028","R5005002100","I4D0001110","2015/1/11 18:01:52","TI15141100239","20","正常在库","0","018001","普通货物","PZ001001014","直发卷","GZ000170","S235JR","","宝钢","","160464","3.7*1295*C","3.700000","1295.000000","0.000000","19.430000","19.430000","19.430000","0.000000","1.000000","","","","KH00004","2015/1/12 8:54:03","","","","20","","0","","","","直发卷","S235JR","3.7*1295*C","1","2015/1/12 8:54:30","100003","2015/1/12 8:57:00","100003","0","2015/1/12 8:54:03","H06500442","钢联沪D41092","1753.000000","0","","钱晓平","","","","","2015/1/12 8:54:22","0.000000","0.000000","db83e8e6704e49f9a1b5716bd3875c32","0.000000","","0.000000","0.000000","0.000000","","","","","","0","0","","","0.000000","0","0","","","","","","","","","","","","张志芬",""
"2afaf4f9e7544706b045b6201296b469","0101","1115000488","1115000488","FD1421","004001","KH06759","宝山钢铁股份有限公司","I5J0000349","RK1501120038","1115000488","I5J0000349","2015/1/12 18:07:38","I5J0000349","20","正常在库","0","018001","普通货物","PZ001001010","热轧卷","GZ002594","IF-1","","宝钢","","15140455","4.00*1670*C","4.000000","1670.000000","0.000000","6.860000","6.860000","6.860000","0.000000","1.000000","","","","KH06759","2015/1/12 20:55:06","","","","20","","0","","","","","IF-1","4.00*1670*C","1","2015/1/12 20:58:31","100060","2015/1/12 21:05:44","100060","0","2015/1/12 20:55:06","BGSA150112001624I5J0000349","","0.000000","0","","潘华良","","","","","2015/1/12 20:58:49","0.000000","0.000000","2afaf4f9e7544706b045b6201296b469","0.000000","","0.000000","0.000000","0.000000","","","","","","0","0","","","0.000000","0","0","","","","","","","","","","","","李平",""
"1f214d6ccb234165868e3c752b0aad32","0101","1115000469","1115000469","JA1332","004001","KH00132","武汉宝钢华中贸易有限公司","TI141411000016","RK1501100006","1115000469","I4LC000844","2015/1/10 7:45:26","TI141411000016","20","正常在库","0","018001","普通货物","PZ001001016","商品卷","GZ000052","QStE420TM","","宝钢","","14213635","1.5*1140*C","1.500000","1140.000000","0.000000","8.980000","8.980000","8.980000","0.000000","1.000000","","","","KH00132","2015/1/10 8:18:19","","","","20","","0","","","","商品卷","QStE420TM","1.5*1140*C","1","2015/1/10 8:19:00","1818","2015/1/10 8:23:46","1818","0","2015/1/10 8:18:19","H61305058","","0.000000","0","","肖萍","","","","","2015/1/10 8:18:56","0.000000","0.000000","1f214d6ccb234165868e3c752b0aad32","0.000000","","0.000000","0.000000","0.000000","","","","","","0","0","","","0.000000","0","0","","","","","","","","","","","","张志芬",""
"e683a777dce14b2aaba40c70a79293c6","0101","1115000471","1115000471","JA1322","004001","KH00132","武汉宝钢华中贸易有限公司","TI141411000016","RK1501100006","1115000471","I4LC000844","2015/1/10 7:45:26","TI141411000016","20","正常在库","0","018001","普通货物","PZ001001016","商品卷","GZ000052","QStE420TM","","宝钢","","14213635","1.5*1140*C","1.500000","1140.000000","0.000000","9.970000","9.970000","9.970000","0.000000","1.000000","","","","KH00132","2015/1/10 8:18:19","","","","20","","0","","","","商品卷","QStE420TM","1.5*1140*C","1","2015/1/10 8:19:00","1818","2015/1/10 8:23:46","1818","0","2015/1/10 8:18:19","H61305058","","0.000000","0","","肖萍","","","","","2015/1/10 8:18:56","0.000000","0.000000","e683a777dce14b2aaba40c70a79293c6","0.000000","","0.000000","0.000000","0.000000","","","","","","0","0","","","0.000000","0","0","","","","","","","","","","","","张志芬",""
"a563acc8afc14e369e01fbc1bbe5fcdb","0101","115004204100","115004204100","EF1222","004001","KH06759","宝山钢铁股份有限公司","I5J0000269","RK1501100026","115004204100","I5J0000269","2015/1/10 7:45:26","I5J0000269","20","正常在库","0","018001","普通货物","PZ001001004","热卷","GZ000005","SPHC","","宝钢","","14140387","3.52*1079*C","3.520000","1079.000000","0.000000","24.260000","24.260000","24.260000","0.000000","1.000000","","","","KH06759","2015/1/10 8:32:46","","","","20","","0","","","","","SPHC","3.52*1079*C","1","2015/1/10 8:32:58","1818","2015/1/10 8:37:32","1818","0","2015/1/10 8:32:46","BGSA150109002017I5J0000269","","0.000000","0","","肖萍","","","","","2015/1/10 8:33:00","0.000000","0.000000","a563acc8afc14e369e01fbc1bbe5fcdb","0.000000","","0.000000","0.000000","0.000000","","","","","","0","0","","","0.000000","0","0","","","","","","","","","","","","张志芬",""
"a379b1b87e704ac290d1e686ac56cab5","0101","125152650801","125152650801","HA1211","004001","KH06759","宝山钢铁股份有限公司","I5J0000426","RK1501140005","125152650801","I5J0000426","2015/1/14 13:01:37","I5J0000426","20","正常在库","0","018001","普通货物","PZ001001004","热卷","GZ000005","SPHC","","宝钢","","14214432","1.81*892*C","1.810000","892.000000","0.000000","17.350000","17.350000","17.350000","0.000000","1.000000","","","","KH06759","2015/1/14 12:51:54","","","","20","","0","","","","","SPHC","1.81*892*C","1","2015/1/14 12:52:20","100003","2015/1/29 17:50:11","100006","0","2015/1/14 12:51:54","BGSA150113002451I5J0000426","","0.000000","0","","钱晓平","","","","","2015/1/14 12:52:10","0.000000","0.000000","a379b1b87e704ac290d1e686ac56cab5","0.000000","","0.000000","0.000000","0.000000","","","","","","0","0","","","0.000000","0","0","","","","","","","","","","","","张志芬",""
"937f6290b1da4c6ca39dd1664bf5905c","0101","125186750700","125186750700","HB1211","004001","KH06759","宝山钢铁股份有限公司","I5J0000435","RK1501140016","125186750700","I5J0000435","2015/1/14 13:01:37","I5J0000435","20","正常在库","0","018001","普通货物","PZ001001004","热卷","GZ002594","IF-1","","宝钢","","14214572","3.52*1031*C","3.520000","1031.000000","0.000000","23.130000","23.130000","23.130000","0.000000","1.000000","","","","KH06759","2015/1/14 13:09:06","","","","20","","0","","","","","IF-1","3.52*1031*C","1","2015/1/14 13:09:22","100003","2015/1/29 17:50:11","100006","0","2015/1/14 13:09:06","BGSA150113002450I5J0000435","","0.000000","0","","钱晓平","","","","","2015/1/14 13:09:15","0.000000","0.000000","937f6290b1da4c6ca39dd1664bf5905c","0.000000","","0.000000","0.000000","0.000000","","","","","","0","0","","","0.000000","0","0","","","","","","","","","","","","张志芬",""
"4b14880eb11642ffad1161e5c1418a5b","0101","1115000401","114131201501","FD2222","004001","KH06759","宝山钢铁股份有限公司","I5J0000299","RK1501100133","1115000401","I5J0000299","2015/1/10 19:44:36","I5J0000299","20","正常在库","0","018001","普通货物","PZ001001010","热轧卷","GZ002594","IF-1","","宝钢","","14139923","3.02*1370*C","3.020000","1370.000000","0.000000","4.850000","4.850000","4.850000","0.000000","1.000000","","","","KH06759","2015/1/10 21:04:28","","","","20","","0","","","","","IF-1","3.02*1370*C","1","2015/1/10 21:04:31","100060","2015/1/10 21:05:15","100060","0","2015/1/10 21:04:28","BGSA150109002014I5J0000299","","0.000000","0","","潘华良","","","","","2015/1/10 21:04:36","0.000000","0.000000","4b14880eb11642ffad1161e5c1418a5b","0.000000","","0.000000","0.000000","0.000000","","","","","","0","0","","","0.000000","0","0","","","","","","","","","","","","周雪苓",""
"b9a2000b0aca4bf495d7532f79a00084","0101","114130204000","114130204000","EC1531","004001","KH06759","宝山钢铁股份有限公司","I5J0000077","RK1501090012","114130204000","I5J0000077","2015/1/8 18:27:25","I5J0000077","20","正常在库","0","018001","普通货物","PZ001001004","热卷","GZ003666","MHS-2","","宝钢","","14132505","5.02*1465*C","5.020000","1465.000000","0.000000","27.340000","27.340000","27.340000","0.000000","1.000000","","","","KH06759","2015/1/9 9:23:39","","","","20","","0","","","","","MHS-2","5.02*1465*C","1","2015/1/9 9:24:00","100003","2015/1/9 9:36:17","100003","0","2015/1/9 9:23:39","BGSA150108000053I5J0000077","","0.000000","0","","钱晓平","","","","","2015/1/9 9:23:51","0.000000","0.000000","b9a2000b0aca4bf495d7532f79a00084","0.000000","","0.000000","0.000000","0.000000","","","","","","0","0","","","0.000000","0","0","","","","","","","","","","","","张志芬",""
"3a3b406ddace4e70aacd904a722b03f0","0101","114145812400","114145812400","ED1121","004001","KH06759","宝山钢铁股份有限公司","I5J0000087","RK1501090023","114145812400","I5J0000087","2015/1/8 18:27:25","I5J0000087","20","正常在库","0","018001","普通货物","PZ001001004","热卷","GZ003059","Q460C","","宝钢","","14139753","1.82*1071*C","1.820000","1071.000000","0.000000","20.200000","20.200000","20.200000","0.000000","1.000000","","","","KH06759","2015/1/9 9:32:00","","","","20","","0","","","","","Q460C","1.82*1071*C","1","2015/1/9 9:33:07","100003","2015/1/9 9:36:17","100003","0","2015/1/9 9:32:00","BGSA150108000053I5J0000087","","0.000000","0","","钱晓平","","","","","2015/1/9 9:32:45","0.000000","0.000000","3a3b406ddace4e70aacd904a722b03f0","0.000000","","0.000000","0.000000","0.000000","","","","","","0","0","","","0.000000","0","0","","","","","","","","","","","","张志芬",""
"e1da9db50d1e49e2945734bdb7611a66","0101","1115000630","1115000630","FD2612","004001","KH06759","宝山钢铁股份有限公司","I5J0000466","RK1501140046","1115000630","I5J0000466","2015/1/14 17:24:08","I5J0000466","20","正常在库","0","018001","普通货物","PZ001001004","热卷","GZ000180","SS400","","宝钢","","14410329","2.62*1350*C","2.620000","1350.000000","0.000000","4.700000","4.700000","4.700000","0.000000","1.000000","","","","KH06759","2015/1/14 17:11:00","","","","20","","0","","","","","SS400","2.62*1350*C","1","2015/1/14 17:11:18","1818","2015/1/14 17:37:50","1818","0","2015/1/14 17:11:00","BGSA150113002446I5J0000466","","0.000000","0","","肖萍","","","","","2015/1/14 17:11:14","0.000000","0.000000","e1da9db50d1e49e2945734bdb7611a66","0.000000","","0.000000","0.000000","0.000000","","","","","","0","0","","","0.000000","0","0","","","","","","","","","","","","张志芬",""
"a64bb8a5482e4486ae9b3a649ed4a01e","0101","1115000583","1115000583","FD1351","004001","KH06759","宝山钢铁股份有限公司","I5J0000455","RK1501140056","1115000583","I5J0000455","2015/1/14 17:24:08","I5J0000455","20","正常在库","0","018001","普通货物","PZ001001004","热卷","GZ002594","IF-1","","宝钢","","14137906","4.02*1273*C","4.020000","1273.000000","0.000000","6.750000","6.750000","6.750000","0.000000","1.000000","","","","KH06759","2015/1/14 17:16:58","","","","20","","0","","","","","IF-1","4.02*1273*C","1","2015/1/14 17:17:16","1818","2015/1/14 17:37:50","1818","0","2015/1/14 17:16:58","BGSA150113002446I5J0000455","","0.000000","0","","肖萍","","","","","2015/1/14 17:17:14","0.000000","0.000000","a64bb8a5482e4486ae9b3a649ed4a01e","0.000000","","0.000000","0.000000","0.000000","","","","","","0","0","","","0.000000","0","0","","","","","","","","","","","","张志芬",""
"2aabc95595a94354b7c98b1929db28eb","0101","1115000536","1232207194957","111  1","004001","KH06759","宝山钢铁股份有限公司","I5J0000448","RK1501140063","1115000536","I5J0000448","2015/1/14 17:24:08","I5J0000448","20","正常在库","0","018001","普通货物","PZ001001004","热卷","GZ000180","SS400","","宝钢","","15140528","3.00*1210*C","3.000000","1210.000000","0.000000","5.960000","5.960000","5.960000","0.000000","1.000000","","","","KH06759","2015/1/14 17:30:52","","","","20","","0","","","","","SS400","3.00*1210*C","1","2015/1/14 17:31:10","1818","2015/1/29 17:50:11","100006","0","2015/1/14 17:30:52","BGSA150113002446I5J0000448","","0.000000","0","","肖萍","","","","","2015/1/14 17:31:06","0.000000","0.000000","2aabc95595a94354b7c98b1929db28eb","0.000000","","0.000000","0.000000","0.000000","","","","","","0","0","","","0.000000","0","0","","","","","","","","","","","","张志芬",""
"adc4794a6d064c2f8e44098bda5461c8","0101","1115000535","1115000535","FD2622","004001","KH06759","宝山钢铁股份有限公司","I5J0000447","RK1501140064","1115000535","I5J0000447","2015/1/14 17:24:08","I5J0000447","20","正常在库","0","018001","普通货物","PZ001001004","热卷","GZ000005","SPHC","","宝钢","","14140232","4.50*1236*C","4.500000","1236.000000","0.000000","7.350000","7.350000","7.350000","0.000000","1.000000","","","","KH06759","2015/1/14 17:31:34","","","","20","","0","","","","","SPHC","4.50*1236*C","1","2015/1/14 17:31:47","1818","2015/1/14 17:37:50","1818","0","2015/1/14 17:31:34","BGSA150113002446I5J0000447","","0.000000","0","","肖萍","","","","","2015/1/14 17:31:44","0.000000","0.000000","adc4794a6d064c2f8e44098bda5461c8","0.000000","","0.000000","0.000000","0.000000","","","","","","0","0","","","0.000000","0","0","","","","","","","","","","","","张志芬",""
"cd4b67f1276542fc917507e08f2217dd","0101","135008972800","135008972800","EA1741","004001","KH06759","宝山钢铁股份有限公司","I5J0000240","RK1501100099","135008972800","I5J0000240","2015/1/10 19:44:50","I5J0000240","20","正常在库","0","018001","普通货物","PZ001001010","热轧卷","GZ002594","IF-1","","宝钢","","14213854","4.03*1417*C","4.030000","1417.000000","0.000000","26.700000","26.700000","26.700000","0.000000","1.000000","","","","KH06759","2015/1/10 20:05:22","","","","20","","0","","","","","IF-1","4.03*1417*C","1","2015/1/10 20:05:31","100060","2015/1/10 20:11:59","100060","0","2015/1/10 20:05:22","BGSA150110000002I5J0000240","","0.000000","0","","潘华良","","","","","2015/1/10 20:05:35","0.000000","0.000000","cd4b67f1276542fc917507e08f2217dd","0.000000","","0.000000","0.000000","0.000000","","","","","","0","0","","","0.000000","0","0","","","","","","","","","","","","鲁爱红",""
"f98619b1cbee456e8b5a8ca73a8d9e99","0101","135008972700","135008972700","EA1711","004001","KH06759","宝山钢铁股份有限公司","I5J0000239","RK1501100108","135008972700","I5J0000239","2015/1/10 19:44:50","I5J0000239","20","正常在库","0","018001","普通货物","PZ001001010","热轧卷","GZ002594","IF-1","","宝钢","","14213854","4.03*1417*C","4.030000","1417.000000","0.000000","26.610000","26.610000","26.610000","0.000000","1.000000","","","","KH06759","2015/1/10 20:10:27","","","","20","","0","","","","","IF-1","4.03*1417*C","1","2015/1/10 20:10:33","100060","2015/1/10 20:11:59","100060","0","2015/1/10 20:10:27","BGSA150110000002I5J0000239","","0.000000","0","","潘华良","","","","","2015/1/10 20:10:38","0.000000","0.000000","f98619b1cbee456e8b5a8ca73a8d9e99","0.000000","","0.000000","0.000000","0.000000","","","","","","0","0","","","0.000000","0","0","","","","","","","","","","","","鲁爱红",""
"efd88ed43b494b9db803cd5fd59a7642","0101","D141215214P","1232207121601","CB2642","004001","KH04647","山西焦煤集团国际贸易有限责任公司","","RK1501110004","","SXJM华顺达16820150111A","2015/1/11 7:40:18","","20","正常在库","0","018001","普通货物","PZ001001004","热卷","GZ000419","Q235B","CD000057","本钢","","","1.5*1250*0","1.500000","1250.000000","0.000000","22.300000","22.300000","22.300000","0.000000","1.000000","","","","KH04647","2015/1/11 16:43:18","","","","20","","0","","","","","","","0","2015/1/11 16:46:05","100002","2015/1/11 16:46:13","100002","0","2015/1/11 16:43:17","","","0.000000","0","","顾陆萍","","","","","","0.000000","0.000000","efd88ed43b494b9db803cd5fd59a7642","1.000000","","0.000000","0.000000","0.000000","","","","","","0","0","","","0.000000","0","0","","","","","","","","","","","","鲁爱红",""
"0966c9d6e97e4ae38079cc56ccd928fa","0101","D141215345P","1232207121564","CC1212","004001","KH04647","山西焦煤集团国际贸易有限责任公司","","RK1501110004","","SXJM华顺达16820150111A","2015/1/11 7:40:18","","20","正常在库","0","018001","普通货物","PZ001001004","热卷","GZ000419","Q235B","CD000057","本钢","","","1.5*1250*0","1.500000","1250.000000","0.000000","21.900000","21.900000","21.900000","0.000000","1.000000","","","","KH04647","2015/1/11 16:43:18","","","","20","","0","","","","","","","0","2015/1/11 16:46:05","100002","2015/1/11 16:46:13","100002","0","2015/1/11 16:43:17","","","0.000000","0","","顾陆萍","","","","","","0.000000","0.000000","0966c9d6e97e4ae38079cc56ccd928fa","1.000000","","0.000000","0.000000","0.000000","","","","","","0","0","","","0.000000","0","0","","","","","","","","","","","","鲁爱红",""
"4d26e6e62841458ea4e8e2eb6b7feb8c","0101","D141215371P","1232207123865","DE1821","004001","KH04647","山西焦煤集团国际贸易有限责任公司","","RK1501110004","","SXJM华顺达16820150111A","2015/1/11 7:40:06","","20","正常在库","0","018001","普通货物","PZ001001004","热卷","GZ000419","Q235B","CD000057","本钢","","","1.5*1250*0","1.500000","1250.000000","0.000000","21.450000","21.450000","21.450000","0.000000","1.000000","","","","KH04647","2015/1/11 16:43:18","","","","20","","0","","","","","","","0","2015/1/11 16:46:05","100002","2015/1/11 16:46:13","100002","0","2015/1/11 16:43:17","","","0.000000","0","","顾陆萍","","","","","","0.000000","0.000000","4d26e6e62841458ea4e8e2eb6b7feb8c","1.000000","","0.000000","0.000000","0.000000","","","","","","0","0","","","0.000000","0","0","","","","","","","","","","","","李平",""
"7f67795551e04c6e87846d4ad0254991","0101","D141215362P","1232207123896","DE1112","004001","KH04647","山西焦煤集团国际贸易有限责任公司","","RK1501110004","","SXJM华顺达16820150111A","2015/1/11 7:40:06","","20","正常在库","0","018001","普通货物","PZ001001004","热卷","GZ000419","Q235B","CD000057","本钢","","","1.5*1250*0","1.500000","1250.000000","0.000000","22.320000","22.320000","22.320000","0.000000","1.000000","","","","KH04647","2015/1/11 16:43:18","","","","20","","0","","","","","","","0","2015/1/11 16:46:05","100002","2015/1/11 16:46:13","100002","0","2015/1/11 16:43:17","","","0.000000","0","","顾陆萍","","","","","","0.000000","0.000000","7f67795551e04c6e87846d4ad0254991","1.000000","","0.000000","0.000000","0.000000","","","","","","0","0","","","0.000000","0","0","","","","","","","","","","","","李平",""
"51b2143c9d0448f4a6adcde35c327e55","0101","D141215363P","1232207124084","CC1852","004001","KH04647","山西焦煤集团国际贸易有限责任公司","","RK1501110004","","SXJM华顺达16820150111A","2015/1/11 7:40:06","","20","正常在库","0","018001","普通货物","PZ001001004","热卷","GZ000419","Q235B","CD000057","本钢","","","1.5*1250*0","1.500000","1250.000000","0.000000","21.940000","21.940000","21.940000","0.000000","1.000000","","","","KH04647","2015/1/11 16:43:18","","","","20","","0","","","","","","","0","2015/1/11 16:46:05","100002","2015/1/11 16:46:13","100002","0","2015/1/11 16:43:17","","","0.000000","0","","顾陆萍","","","","","","0.000000","0.000000","51b2143c9d0448f4a6adcde35c327e55","1.000000","","0.000000","0.000000","0.000000","","","","","","0","0","","","0.000000","0","0","","","","","","","","","","","","李平",""
"7456a5356c1846b49de47b9d631f0861","0101","D141213623P","1232207121557","CC1762","004001","KH04647","山西焦煤集团国际贸易有限责任公司","","RK1501110004","","SXJM华顺达16820150111A","2015/1/11 7:40:18","","20","正常在库","0","018001","普通货物","PZ001001004","热卷","GZ000419","Q235B","CD000057","本钢","","","1.5*1250*0","1.500000","1250.000000","0.000000","22.110000","22.110000","22.110000","0.000000","1.000000","","","","KH04647","2015/1/11 16:43:18","","","","20","","0","","","","","","","0","2015/1/11 16:46:05","100002","2015/1/11 16:46:13","100002","0","2015/1/11 16:43:17","","","0.000000","0","","顾陆萍","","","","","","0.000000","0.000000","7456a5356c1846b49de47b9d631f0861","1.000000","","0.000000","0.000000","0.000000","","","","","","0","0","","","0.000000","0","0","","","","","","","","","","","","鲁爱红",""
"6845972d2f2a41029a12d4f858f117aa","0101","D141215343P","1232207124077","CC2852","004001","KH04647","山西焦煤集团国际贸易有限责任公司","","RK1501110004","","SXJM华顺达16820150111A","2015/1/11 7:40:06","","20","正常在库","0","018001","普通货物","PZ001001004","热卷","GZ000419","Q235B","CD000057","本钢","","","1.5*1250*0","1.500000","1250.000000","0.000000","22.220000","22.220000","22.220000","0.000000","1.000000","","","","KH04647","2015/1/11 16:43:18","","","","20","","0","","","","","","","0","2015/1/11 16:46:05","100002","2015/1/11 16:46:13","100002","0","2015/1/11 16:43:17","","","0.000000","0","","顾陆萍","","","","","","0.000000","0.000000","6845972d2f2a41029a12d4f858f117aa","1.000000","","0.000000","0.000000","0.000000","","","","","","0","0","","","0.000000","0","0","","","","","","","","","","","","李平",""
"7b6afe36826742a5a4de3b2bc8a99913","0101","D141215361P","1232207124053","CD2342","004001","KH04647","山西焦煤集团国际贸易有限责任公司","","RK1501110004","","SXJM华顺达16820150111A","2015/1/11 7:40:06","","20","正常在库","0","018001","普通货物","PZ001001004","热卷","GZ000419","Q235B","CD000057","本钢","","","1.5*1250*0","1.500000","1250.000000","0.000000","21.440000","21.440000","21.440000","0.000000","1.000000","","","","KH04647","2015/1/11 16:43:18","","","","20","","0","","","","","","","0","2015/1/11 16:46:05","100002","2015/1/11 16:46:13","100002","0","2015/1/11 16:43:17","","","0.000000","0","","顾陆萍","","","","","","0.000000","0.000000","7b6afe36826742a5a4de3b2bc8a99913","1.000000","","0.000000","0.000000","0.000000","","","","","","0","0","","","0.000000","0","0","","","","","","","","","","","","李平",""
"4d9a6ca576fc4d17ab5697932ee567af","0101","D141215344P","1232207124046","CD2132","004001","KH04647","山西焦煤集团国际贸易有限责任公司","","RK1501110004","","SXJM华顺达16820150111A","2015/1/11 7:40:06","","20","正常在库","0","018001","普通货物","PZ001001004","热卷","GZ000419","Q235B","CD000057","本钢","","","1.5*1250*0","1.500000","1250.000000","0.000000","22.470000","22.470000","22.470000","0.000000","1.000000","","","","KH04647","2015/1/11 16:43:18","","","","20","","0","","","","","","","0","2015/1/11 16:46:06","100002","2015/1/11 16:46:13","100002","0","2015/1/11 16:43:17","","","0.000000","0","","顾陆萍","","","","","","0.000000","0.000000","4d9a6ca576fc4d17ab5697932ee567af","1.000000","","0.000000","0.000000","0.000000","","","","","","0","0","","","0.000000","0","0","","","","","","","","","","","","李平",""
"0325a5ae48dd45619b5683af38d66f52","0101","A141249061S","1232207121588","CB2521","004001","KH04647","山西焦煤集团国际贸易有限责任公司","","RK1501110013","","SXJM华顺达16820150111J","2015/1/11 7:40:18","","20","正常在库","0","018001","普通货物","PZ001001004","热卷","GZ000887","Q345B","CD000057","本钢","","","3*1250*0","3.000000","1250.000000","0.000000","19.211000","19.211000","19.211000","0.000000","1.000000","","","","KH04647","2015/1/11 16:53:57","","","","20","","0","","","","","","","0","2015/1/11 16:54:35","100002","2015/1/11 16:54:40","100002","0","2015/1/11 16:53:57","","","0.000000","0","","顾陆萍","","","","","","0.000000","0.000000","0325a5ae48dd45619b5683af38d66f52","1.000000","","0.000000","0.000000","0.000000","","","","","","0","0","","","0.000000","0","0","","","","","","","","","","","","鲁爱红",""
"7a9692bcbaf74e9cb23365f02eb00c27","0101","A141242861S","1232207121533","CD1352","004001","KH04647","山西焦煤集团国际贸易有限责任公司","","RK1501110013","","SXJM华顺达16820150111J","2015/1/11 7:40:18","","20","正常在库","0","018001","普通货物","PZ001001004","热卷","GZ000887","Q345B","CD000057","本钢","","","3*1250*0","3.000000","1250.000000","0.000000","18.302000","18.302000","18.302000","0.000000","1.000000","","","","KH04647","2015/1/11 16:53:57","","","","20","","0","","","","","","","0","2015/1/11 16:54:35","100002","2015/1/11 16:54:40","100002","0","2015/1/11 16:53:57","","","0.000000","0","","顾陆萍","","","","","","0.000000","0.000000","7a9692bcbaf74e9cb23365f02eb00c27","1.000000","","0.000000","0.000000","0.000000","","","","","","0","0","","","0.000000","0","0","","","","","","","","","","","","鲁爱红",""
"2e80bd85424540bfb8e14d3514a378de","0101","A141242841S","1232207124022","DE1812","004001","KH04647","山西焦煤集团国际贸易有限责任公司","","RK1501110013","","SXJM华顺达16820150111J","2015/1/11 7:40:06","","20","正常在库","0","018001","普通货物","PZ001001004","热卷","GZ000887","Q345B","CD000057","本钢","","","3*1250*0","3.000000","1250.000000","0.000000","18.430000","18.430000","18.430000","0.000000","1.000000","","","","KH04647","2015/1/11 16:53:57","","","","20","","0","","","","","","","0","2015/1/11 16:54:35","100002","2015/1/11 16:54:40","100002","0","2015/1/11 16:53:57","","","0.000000","0","","顾陆萍","","","","","","0.000000","0.000000","2e80bd85424540bfb8e14d3514a378de","1.000000","","0.000000","0.000000","0.000000","","","","","","0","0","","","0.000000","0","0","","","","","","","","","","","","李平",""
"379a49270c3a44f2a771f5564cf343df","0101","D141215364P","1232207123858","DE2452","004001","KH04647","山西焦煤集团国际贸易有限责任公司","","RK1501110004","","SXJM华顺达16820150111A","2015/1/11 7:40:06","","20","正常在库","0","018001","普通货物","PZ001001004","热卷","GZ000419","Q235B","CD000057","本钢","","","1.5*1250*0","1.500000","1250.000000","0.000000","21.930000","21.930000","21.930000","0.000000","1.000000","","","","KH04647","2015/1/11 16:43:18","","","","20","","0","","","","","","","0","2015/1/11 16:46:05","100002","2015/1/11 16:46:13","100002","0","2015/1/11 16:43:17","","","0.000000","0","","顾陆萍","","","","","","0.000000","0.000000","379a49270c3a44f2a771f5564cf343df","1.000000","","0.000000","0.000000","0.000000","","","","","","0","0","","","0.000000","0","0","","","","","","","","","","","","李平",""
"d36e1239ffc041c9801b1eebba8c17b3","0101","1115000448","115001203102","FD2142","004001","KH06759","宝山钢铁股份有限公司","I5J0000317","RK1501100044","1115000448","I5J0000317","2015/1/10 13:52:27","I5J0000317","20","正常在库","0","018001","普通货物","PZ001001004","热卷","GZ000180","SS400","","宝钢","","14139954","4.00*1250*C","4.000000","1250.000000","0.000000","4.900000","4.900000","4.900000","0.000000","1.000000","","","","KH06759","2015/1/10 13:53:42","","","","20","","0","","","","","SS400","4.00*1250*C","1","2015/1/10 13:53:50","1818","2015/1/10 14:19:50","1818","0","2015/1/10 13:53:42","BGSA150109002014I5J0000317","","0.000000","0","","肖萍","","","","","2015/1/10 13:53:54","0.000000","0.000000","d36e1239ffc041c9801b1eebba8c17b3","0.000000","","0.000000","0.000000","0.000000","","","","","","0","0","","","0.000000","0","0","","","","","","","","","","","","周雪苓",""
"20cc4ec57b56452f9e4677449f9be225","0101","1115000450","115002804901","FD1131","004001","KH06759","宝山钢铁股份有限公司","I5J0000318","RK1501100045","1115000450","I5J0000318","2015/1/10 13:52:27","I5J0000318","20","正常在库","0","018001","普通货物","PZ001001004","热卷","GZ000005","SPHC","","宝钢","","14140157","2.32*1224*C","2.320000","1224.000000","0.000000","8.290000","8.290000","8.290000","0.000000","1.000000","","","","KH06759","2015/1/10 13:54:12","","","","20","","0","","","","","SPHC","2.32*1224*C","1","2015/1/10 13:54:20","1818","2015/1/10 14:19:50","1818","0","2015/1/10 13:54:12","BGSA150109002014I5J0000318","","0.000000","0","","肖萍","","","","","2015/1/10 13:54:25","0.000000","0.000000","20cc4ec57b56452f9e4677449f9be225","0.000000","","0.000000","0.000000","0.000000","","","","","","0","0","","","0.000000","0","0","","","","","","","","","","","","周雪苓",""
"3323baa5135949ce8efd5a36d54973e7","0101","1115000341","114148402001","FD2212","004001","KH06759","宝山钢铁股份有限公司","I5J0000278","RK1501100048","1115000341","I5J0000278","2015/1/10 13:52:27","I5J0000278","20","正常在库","0","018001","普通货物","PZ001001004","热卷","GZ002967","SS330-P","","宝钢","","14140080","4.02*1636*C","4.020000","1636.000000","0.000000","7.080000","7.080000","7.080000","0.000000","1.000000","","","","KH06759","2015/1/10 13:55:40","","","","20","","0","","","","","SS330-P","4.02*1636*C","1","2015/1/10 13:55:46","1818","2015/1/10 14:19:50","1818","0","2015/1/10 13:55:40","BGSA150109002014I5J0000278","","0.000000","0","","肖萍","","","","","2015/1/10 13:55:51","0.000000","0.000000","3323baa5135949ce8efd5a36d54973e7","0.000000","","0.000000","0.000000","0.000000","","","","","","0","0","","","0.000000","0","0","","","","","","","","","","","","周雪苓",""
"e63e74ee0f0c4e9ab4b52a22003dec0d","0101","1115000398","114131201601","FD1111","004001","KH06759","宝山钢铁股份有限公司","I5J0000297","RK1501100051","1115000398","I5J0000297","2015/1/10 13:52:27","I5J0000297","20","正常在库","0","018001","普通货物","PZ001001004","热卷","GZ002594","IF-1","","宝钢","","14139923","3.02*1370*C","3.020000","1370.000000","0.000000","9.060000","9.060000","9.060000","0.000000","1.000000","","","","KH06759","2015/1/10 13:57:15","","","","20","","0","","","","","IF-1","3.02*1370*C","1","2015/1/10 13:57:20","1818","2015/1/10 14:19:50","1818","0","2015/1/10 13:57:15","BGSA150109002014I5J0000297","","0.000000","0","","肖萍","","","","","2015/1/10 13:57:25","0.000000","0.000000","e63e74ee0f0c4e9ab4b52a22003dec0d","0.000000","","0.000000","0.000000","0.000000","","","","","","0","0","","","0.000000","0","0","","","","","","","","","","","","周雪苓",""
"172180a6b0d048a0918d145073b7e4a5","0101","1115000342","114148402002","FD2241","004001","KH06759","宝山钢铁股份有限公司","I5J0000279","RK1501100055","1115000342","I5J0000279","2015/1/10 13:52:27","I5J0000279","20","正常在库","0","018001","普通货物","PZ001001004","热卷","GZ002967","SS330-P","","宝钢","","14140080","4.02*1636*C","4.020000","1636.000000","0.000000","5.350000","5.350000","5.350000","0.000000","1.000000","","","","KH06759","2015/1/10 13:59:12","","","","20","","0","","","","","SS330-P","4.02*1636*C","1","2015/1/10 13:59:17","1818","2015/1/10 14:19:50","1818","0","2015/1/10 13:59:12","BGSA150109002014I5J0000279","","0.000000","0","","肖萍","","","","","2015/1/10 13:59:22","0.000000","0.000000","172180a6b0d048a0918d145073b7e4a5","0.000000","","0.000000","0.000000","0.000000","","","","","","0","0","","","0.000000","0","0","","","","","","","","","","","","周雪苓",""
"85caa3c9d59340a5af25453b9e516910","0101","1115000314","115002800102","FD2131","004001","KH06759","宝山钢铁股份有限公司","I5J0000229","RK1501100060","1115000314","I5J0000229","2015/1/10 13:52:27","I5J0000229","20","正常在库","0","018001","普通货物","PZ001001004","热卷","GZ000005","SPHC","","宝钢","","14140210","4.52*1293*C","4.520000","1293.000000","0.000000","5.880000","5.880000","5.880000","0.000000","1.000000","","","","KH06759","2015/1/10 14:01:37","","","","20","","0","","","","","SPHC","4.52*1293*C","1","2015/1/10 14:01:43","1818","2015/1/10 14:19:50","1818","0","2015/1/10 14:01:37","BGSA150109002263I5J0000229","","0.000000","0","","肖萍","","","","","2015/1/10 14:01:47","0.000000","0.000000","85caa3c9d59340a5af25453b9e516910","0.000000","","0.000000","0.000000","0.000000","","","","","","0","0","","","0.000000","0","0","","","","","","","","","","","","周雪苓",""
"7971dd47a59a467eaabe814da3e712e3","0101","1115000426","1115000426","ED1551","004001","KH06759","宝山钢铁股份有限公司","I5J0000291","RK1501100079","1115000426","I5J0000291","2015/1/10 13:52:46","I5J0000291","20","正常在库","0","018001","普通货物","PZ001001004","热卷","GZ002594","IF-1","","宝钢","","15140481","3.80*1732*C","3.800000","1732.000000","0.000000","14.710000","14.710000","14.710000","0.000000","1.000000","","","","KH06759","2015/1/10 14:10:39","","","","20","","0","","","","","IF-1","3.80*1732*C","1","2015/1/10 14:10:46","1818","2015/1/10 14:19:51","1818","0","2015/1/10 14:10:39","BGSA150109002014I5J0000291","","0.000000","0","","肖萍","","","","","2015/1/10 14:10:51","0.000000","0.000000","7971dd47a59a467eaabe814da3e712e3","0.000000","","0.000000","0.000000","0.000000","","","","","","0","0","","","0.000000","0","0","","","","","","","","","","","","李艳琼",""
"90a075ec81a745c2abec54a845cc68ef","0101","1155000378","1155000378","FD1562","004001","KH06759","宝山钢铁股份有限公司","I5J0000502","RK1501140025","1155000378","I5J0000502","2015/1/14 13:13:13","I5J0000502","20","正常在库","0","018001","普通货物","PZ001001004","热卷","GZ002594","IF-1","","宝钢","","15140702","3.80*1193*C","3.800000","1193.000000","0.000000","2.725000","2.725000","2.725000","0.000000","1.000000","","","","KH06759","2015/1/14 13:17:37","","","","20","","0","","","","","IF-1","3.80*1193*C","1","2015/1/14 13:17:53","100003","2015/1/14 13:33:48","100003","0","2015/1/14 13:17:37","BGSA150113002448I5J0000502","","0.000000","0","","钱晓平","","","","","2015/1/14 13:17:47","0.000000","0.000000","90a075ec81a745c2abec54a845cc68ef","0.000000","","0.000000","0.000000","0.000000","","","","","","0","0","","","0.000000","0","0","","","","","","","","","","","","张永军",""
"3b453676f7f64478a9d442ff0fa636c9","0101","1155000310","1155000310","FD1561","004001","KH06759","宝山钢铁股份有限公司","I5J0000487","RK1501140034","1155000310","I5J0000487","2015/1/14 13:13:13","I5J0000487","20","正常在库","0","018001","普通货物","PZ001001004","热卷","GZ000005","SPHC","","宝钢","","14140014","5.52*1261*C","5.520000","1261.000000","0.000000","9.435000","9.435000","9.435000","0.000000","1.000000","","","","KH06759","2015/1/14 13:23:57","","","","20","","0","","","","","SPHC","5.52*1261*C","1","2015/1/14 13:24:33","100003","2015/1/14 13:33:49","100003","0","2015/1/14 13:23:57","BGSA150113002448I5J0000487","","0.000000","0","","钱晓平","","","","","2015/1/14 13:24:21","0.000000","0.000000","3b453676f7f64478a9d442ff0fa636c9","0.000000","","0.000000","0.000000","0.000000","","","","","","0","0","","","0.000000","0","0","","","","","","","","","","","","张永军",""
"ad24e189f294485a8a30257cd9a8020b","0101","1155000312","1155000312","FD1532","004001","KH06759","宝山钢铁股份有限公司","I5J0000488","RK1501140035","1155000312","I5J0000488","2015/1/14 13:13:13","I5J0000488","20","正常在库","0","018001","普通货物","PZ001001004","热卷","GZ002967","SS330-P","","宝钢","","14140360","4.52*1124*C","4.520000","1124.000000","0.000000","3.805000","3.805000","3.805000","0.000000","1.000000","","","","KH06759","2015/1/14 13:24:59","","","","20","","0","","","","","SS330-P","4.52*1124*C","1","2015/1/14 13:25:40","100003","2015/1/14 13:33:49","100003","0","2015/1/14 13:24:59","BGSA150113002448I5J0000488","","0.000000","0","","钱晓平","","","","","2015/1/14 13:25:29","0.000000","0.000000","ad24e189f294485a8a30257cd9a8020b","0.000000","","0.000000","0.000000","0.000000","","","","","","0","0","","","0.000000","0","0","","","","","","","","","","","","张永军",""
"6f3ddfe6458b44f2a31aadae68f468bc","0101","1155000319","1155000319","FD1551","004001","KH06759","宝山钢铁股份有限公司","I5J0000491","RK1501140038","1155000319","I5J0000491","2015/1/14 13:13:13","I5J0000491","20","正常在库","0","018001","普通货物","PZ001001004","热卷","GZ002782","SS540","","宝钢","","14410266","4.02*1157*C","4.020000","1157.000000","0.000000","5.220000","5.220000","5.220000","0.000000","1.000000","","","","KH06759","2015/1/14 13:27:20","","","","20","","0","","","","","SS540","4.02*1157*C","1","2015/1/14 13:27:51","100003","2015/1/14 13:33:49","100003","0","2015/1/14 13:27:20","BGSA150113002448I5J0000491","","0.000000","0","","钱晓平","","","","","2015/1/14 13:27:43","0.000000","0.000000","6f3ddfe6458b44f2a31aadae68f468bc","0.000000","","0.000000","0.000000","0.000000","","","","","","0","0","","","0.000000","0","0","","","","","","","","","","","","张永军",""
"d8602f080e8d4580a1ad04ad62e044e9","0101","1115000519","1115000519","CC1432","004001","KH00132","武汉宝钢华中贸易有限公司","TI141412000003","RK1501100002","1115000519","I4LC000890","2015/1/10 7:45:40","TI141412000003","20","正常在库","0","018001","普通货物","PZ001001016","商品卷","GZ000052","QStE420TM","","宝钢","","14213635","1.5*1140*C","1.500000","1140.000000","0.000000","11.170000","11.170000","11.170000","0.000000","1.000000","","","","KH00132","2015/1/10 8:14:24","","","","20","","0","","","","商品卷","QStE420TM","1.5*1140*C","1","2015/1/10 8:14:40","1818","2015/1/10 8:23:46","1818","0","2015/1/10 8:14:24","H61305063","","0.000000","0","","肖萍","","","","","2015/1/10 8:14:40","0.000000","0.000000","d8602f080e8d4580a1ad04ad62e044e9","0.000000","","0.000000","0.000000","0.000000","","","","","","0","0","","","0.000000","0","0","","","","","","","","","","","","张永军",""
"ee31a18d9d0a4c8187faa3886d611a28","0101","1115000520","1115000520","CB2232","004001","KH00132","武汉宝钢华中贸易有限公司","TI141412000003","RK1501100002","1115000520","I4LC000890","2015/1/10 7:45:40","TI141412000003","20","正常在库","0","018001","普通货物","PZ001001016","商品卷","GZ000052","QStE420TM","","宝钢","","14213635","1.5*1140*C","1.500000","1140.000000","0.000000","10.910000","10.910000","10.910000","0.000000","1.000000","","","","KH00132","2015/1/10 8:14:24","","","","20","","0","","","","商品卷","QStE420TM","1.5*1140*C","1","2015/1/10 8:14:40","1818","2015/1/10 8:23:46","1818","0","2015/1/10 8:14:24","H61305063","","0.000000","0","","肖萍","","","","","2015/1/10 8:14:40","0.000000","0.000000","ee31a18d9d0a4c8187faa3886d611a28","0.000000","","0.000000","0.000000","0.000000","","","","","","0","0","","","0.000000","0","0","","","","","","","","","","","","张永军",""
"ae8446a9531e4cbbb23df8564b25954c","0101","1115000470","1115000470","JA1111","004001","KH00132","武汉宝钢华中贸易有限公司","TI141411000016","RK1501100011","1115000470","I4LC000844","2015/1/10 7:45:26","TI141411000016","20","正常在库","0","018001","普通货物","PZ001001016","商品卷","GZ000052","QStE420TM","","宝钢","","14213635","1.5*1140*C","1.500000","1140.000000","0.000000","10.150000","10.150000","10.150000","0.000000","1.000000","","","","KH00132","2015/1/10 8:22:41","","","","20","","0","","","","商品卷","QStE420TM","1.5*1140*C","1","2015/1/10 8:22:56","1818","2015/1/10 8:23:47","1818","0","2015/1/10 8:22:41","H61304970","","0.000000","0","","肖萍","","","","","2015/1/10 8:22:55","0.000000","0.000000","ae8446a9531e4cbbb23df8564b25954c","0.000000","","0.000000","0.000000","0.000000","","","","","","0","0","","","0.000000","0","0","","","","","","","","","","","","张志芬",""
"1461e127b8e74403aa233a7306ae2437","0101","1115000474","1115000474","JB1312","004001","KH00132","武汉宝钢华中贸易有限公司","TI141411000016","RK1501100011","1115000474","I4LC000844","2015/1/10 7:45:26","TI141411000016","20","正常在库","0","018001","普通货物","PZ001001016","商品卷","GZ000052","QStE420TM","","宝钢","","14213634","1.5*1140*C","1.500000","1140.000000","0.000000","10.210000","10.210000","10.210000","0.000000","1.000000","","","","KH00132","2015/1/10 8:22:41","","","","20","","0","","","","商品卷","QStE420TM","1.5*1140*C","1","2015/1/10 8:22:56","1818","2015/1/10 8:23:47","1818","0","2015/1/10 8:22:41","H61304970","","0.000000","0","","肖萍","","","","","2015/1/10 8:22:55","0.000000","0.000000","1461e127b8e74403aa233a7306ae2437","0.000000","","0.000000","0.000000","0.000000","","","","","","0","0","","","0.000000","0","0","","","","","","","","","","","","张志芬",""
"c3ed8fbe07fa481c8a4028473efdb4bb","0101","1115000468","1115000468","IA1432","004001","KH00132","武汉宝钢华中贸易有限公司","TI141411000016","RK1501100011","1115000468","I4LC000844","2015/1/10 7:45:26","TI141411000016","20","正常在库","0","018001","普通货物","PZ001001016","商品卷","GZ000052","QStE420TM","","宝钢","","14213635","1.5*1140*C","1.500000","1140.000000","0.000000","10.180000","10.180000","10.180000","0.000000","1.000000","","","","KH00132","2015/1/10 8:22:41","","","","20","","0","","","","商品卷","QStE420TM","1.5*1140*C","1","2015/1/10 8:22:56","1818","2015/1/10 8:23:47","1818","0","2015/1/10 8:22:41","H61304970","","0.000000","0","","肖萍","","","","","2015/1/10 8:22:55","0.000000","0.000000","c3ed8fbe07fa481c8a4028473efdb4bb","0.000000","","0.000000","0.000000","0.000000","","","","","","0","0","","","0.000000","0","0","","","","","","","","","","","","张志芬",""
"d449e38661c3447ab2f935f089a31a6b","0101","1115000475","1115000475","JB1112","004001","KH00132","武汉宝钢华中贸易有限公司","TI141411000016","RK1501100011","1115000475","I4LC000844","2015/1/10 7:45:26","TI141411000016","20","正常在库","0","018001","普通货物","PZ001001016","商品卷","GZ000052","QStE420TM","","宝钢","","14213634","1.5*1140*C","1.500000","1140.000000","0.000000","10.260000","10.260000","10.260000","0.000000","1.000000","","","","KH00132","2015/1/10 8:22:41","","","","20","","0","","","","商品卷","QStE420TM","1.5*1140*C","1","2015/1/10 8:22:56","1818","2015/1/10 8:23:47","1818","0","2015/1/10 8:22:41","H61304970","","0.000000","0","","肖萍","","","","","2015/1/10 8:22:55","0.000000","0.000000","d449e38661c3447ab2f935f089a31a6b","0.000000","","0.000000","0.000000","0.000000","","","","","","0","0","","","0.000000","0","0","","","","","","","","","","","","张志芬",""
"55ad508ef5304714be57a19dd7b88aac","0101","115005603500","115005603500","EC1422","004001","KH06759","宝山钢铁股份有限公司","I5J0000320","RK1501100018","115005603500","I5J0000320","2015/1/10 7:45:26","I5J0000320","20","正常在库","0","018001","普通货物","PZ001001004","热卷","GZ000180","SS400","","宝钢","","14140344","9.46*1025*C","9.460000","1025.000000","0.000000","22.600000","22.600000","22.600000","0.000000","1.000000","","","","KH06759","2015/1/10 8:28:23","","","","20","","0","","","","","SS400","9.46*1025*C","1","2015/1/10 8:28:42","1818","2015/1/10 8:37:32","1818","0","2015/1/10 8:28:23","BGSA150109002017I5J0000320","","0.000000","0","","肖萍","","","","","2015/1/10 8:28:39","0.000000","0.000000","55ad508ef5304714be57a19dd7b88aac","0.000000","","0.000000","0.000000","0.000000","","","","","","0","0","","","0.000000","0","0","","","","","","","","","","","","张志芬",""
"ba92ac2052fb4c95b683eabaa3ad2625","0101","114119206400","114119206400","EC1412","004001","KH06759","宝山钢铁股份有限公司","I4J0000269","RK1501100029","114119206400","I4J0000269","2015/1/10 7:45:26","I4J0000269","20","正常在库","0","018001","普通货物","PZ001001004","热卷","GZ004040","MHS-3","","宝钢","","14138992","6.01*1228*C","6.010000","1228.000000","0.000000","22.980000","22.980000","22.980000","0.000000","1.000000","","","","KH06759","2015/1/10 8:34:23","","","","20","","0","","","","","MHS-3","6.01*1228*C","1","2015/1/10 8:34:36","1818","2015/1/10 8:37:32","1818","0","2015/1/10 8:34:23","BGSA150109002017I4J0000269","","0.000000","0","","肖萍","","","","","2015/1/10 8:34:38","0.000000","0.000000","ba92ac2052fb4c95b683eabaa3ad2625","0.000000","","0.000000","0.000000","0.000000","","","","","","0","0","","","0.000000","0","0","","","","","","","","","","","","张志芬",""
"23d3b26d521142d79ada2f0a98abd396","0101","D418699302","1232207122240","FD2512","004001","KH04928","上海鸿厚贸易有限公司","","RK1501090029","","TFDNY20150108E","2015/1/9 7:45:45","","20","正常在库","0","018001","普通货物","PZ006008001","尾卷","GZ000419","Q235B","CD000059","沙钢","","","2.75*1250*0","2.750000","1250.000000","0.000000","0.988000","0.988000","0.988000","0.000000","1.000000","","","","KH04928","2015/1/9 10:33:43","","","","20","","0","","","","","","","0","2015/1/9 10:47:25","100006","2015/1/9 10:47:31","100006","0","2015/1/9 10:33:43","","","0.000000","0","","肖燕","","","","","","0.000000","0.000000","23d3b26d521142d79ada2f0a98abd396","1.000000","","0.000000","0.000000","0.000000","","","","","","0","0","","","0.000000","0","0","","","","","","","","","","","","周雪苓",""
"45fd8a9010704bb8b8dea418dc50eaad","0101","D418699802","1232207121632","FD2712","004001","KH04928","上海鸿厚贸易有限公司","","RK1501090029","","TFDNY20150108E","2015/1/9 7:45:45","","20","正常在库","0","018001","普通货物","PZ006008001","尾卷","GZ000419","Q235B","CD000059","沙钢","","","2.5*1250*0","2.500000","1250.000000","0.000000","1.500000","1.500000","1.500000","0.000000","1.000000","","","","KH04928","2015/1/9 10:33:43","","","","20","","0","","","","","","","0","2015/1/9 10:47:25","100006","2015/1/9 10:47:31","100006","0","2015/1/9 10:33:43","","","0.000000","0","","肖燕","","","","","","0.000000","0.000000","45fd8a9010704bb8b8dea418dc50eaad","1.000000","","0.000000","0.000000","0.000000","","","","","","0","0","","","0.000000","0","0","","","","","","","","","","","","周雪苓",""
"75224820b4ed4c2d978ca4bd4bac08ba","0101","C578100602","1232207121656","FD2742","004001","KH04928","上海鸿厚贸易有限公司","","RK1501090029","","TFDNY20150108E","2015/1/9 7:45:45","","20","正常在库","0","018001","普通货物","PZ006008001","尾卷","GZ000419","Q235B","CD000059","沙钢","","","3*1308*0","3.000000","1308.000000","0.000000","4.196000","4.196000","4.196000","0.000000","1.000000","","","","KH04928","2015/1/9 10:33:43","","","","20","","0","","","","","","","0","2015/1/9 10:47:25","100006","2015/1/9 10:47:31","100006","0","2015/1/9 10:33:43","","","0.000000","0","","肖燕","","","","","","0.000000","0.000000","75224820b4ed4c2d978ca4bd4bac08ba","1.000000","","0.000000","0.000000","0.000000","","","","","","0","0","","","0.000000","0","0","","","","","","","","","","","","周雪苓",""
"675599865f164738b9eff73e221eb3b5","0101","D418909202","1232207121700","FE2242","004001","KH04928","上海鸿厚贸易有限公司","","RK1501090029","","TFDNY20150108E","2015/1/9 7:45:45","","20","正常在库","0","018001","普通货物","PZ006008001","尾卷","GZ000419","Q235B","CD000059","沙钢","","","2.75*1288*0","2.750000","1288.000000","0.000000","2.542000","2.542000","2.542000","0.000000","1.000000","","","","KH04928","2015/1/9 10:33:43","","","","20","","0","","","","","","","0","2015/1/9 10:47:25","100006","2015/1/9 10:47:31","100006","0","2015/1/9 10:33:43","","","0.000000","0","","肖燕","","","","","","0.000000","0.000000","675599865f164738b9eff73e221eb3b5","1.000000","","0.000000","0.000000","0.000000","","","","","","0","0","","","0.000000","0","0","","","","","","","","","","","","周雪苓",""
"8d02ff34f77441ae8f48ea8be261a913","0101","D418198802","1232207121724","FE2262","004001","KH04928","上海鸿厚贸易有限公司","","RK1501090029","","TFDNY20150108E","2015/1/9 7:45:45","","20","正常在库","0","018001","普通货物","PZ006008001","尾卷","GZ000419","Q235B","CD000059","沙钢","","","2.5*1250*0","2.500000","1250.000000","0.000000","1.704000","1.704000","1.704000","0.000000","1.000000","","","","KH04928","2015/1/9 10:33:43","","","","20","","0","","","","","","","0","2015/1/9 10:47:25","100006","2015/1/9 10:47:31","100006","0","2015/1/9 10:33:43","","","0.000000","0","","肖燕","","","","","","0.000000","0.000000","8d02ff34f77441ae8f48ea8be261a913","1.000000","","0.000000","0.000000","0.000000","","","","","","0","0","","","0.000000","0","0","","","","","","","","","","","","周雪苓",""
"1076e431620c41e1a37c78ae01b736fc","0101","1115000599","1115000599","FD1312","004001","KH06759","宝山钢铁股份有限公司","I5J0000463","RK1501140049","1115000599","I5J0000463","2015/1/14 17:24:08","I5J0000463","20","正常在库","0","018001","普通货物","PZ001001004","热卷","GZ000005","SPHC","","宝钢","","14140361","3.22*1012*C","3.220000","1012.000000","0.000000","2.960000","2.960000","2.960000","0.000000","1.000000","","","","KH06759","2015/1/14 17:13:07","","","","20","","0","","","","","SPHC","3.22*1012*C","1","2015/1/14 17:13:26","1818","2015/1/14 17:37:50","1818","0","2015/1/14 17:13:07","BGSA150113002446I5J0000463","","0.000000","0","","肖萍","","","","","2015/1/14 17:13:19","0.000000","0.000000","1076e431620c41e1a37c78ae01b736fc","0.000000","","0.000000","0.000000","0.000000","","","","","","0","0","","","0.000000","0","0","","","","","","","","","","","","张志芬",""
"943908705922455fb110c5d45fe1f5a9","0101","1115000597","1115000597","FD2512","004001","KH06759","宝山钢铁股份有限公司","I5J0000462","RK1501140050","1115000597","I5J0000462","2015/1/14 17:24:08","I5J0000462","20","正常在库","0","018001","普通货物","PZ001001004","热卷","GZ002594","IF-1","","宝钢","","14140219","3.52*1399*C","3.520000","1399.000000","0.000000","4.530000","4.530000","4.530000","0.000000","1.000000","","","","KH06759","2015/1/14 17:13:42","","","","20","","0","","","","","IF-1","3.52*1399*C","1","2015/1/14 17:13:57","1818","2015/1/14 17:37:50","1818","0","2015/1/14 17:13:42","BGSA150113002446I5J0000462","","0.000000","0","","肖萍","","","","","2015/1/14 17:13:54","0.000000","0.000000","943908705922455fb110c5d45fe1f5a9","0.000000","","0.000000","0.000000","0.000000","","","","","","0","0","","","0.000000","0","0","","","","","","","","","","","","张志芬",""
"5e20b3aca9f148c99979f55885a98077","0101","1115000591","1115000591","FD1361","004001","KH06759","宝山钢铁股份有限公司","I5J0000459","RK1501140053","1115000591","I5J0000459","2015/1/14 17:24:08","I5J0000459","20","正常在库","0","018001","普通货物","PZ001001004","热卷","GZ002782","SS540","","宝钢","","14140445","3.20*1050*C","3.200000","1050.000000","0.000000","7.330000","7.330000","7.330000","0.000000","1.000000","","","","KH06759","2015/1/14 17:15:19","","","","20","","0","","","","","SS540","3.20*1050*C","1","2015/1/14 17:15:35","1818","2015/1/14 17:37:50","1818","0","2015/1/14 17:15:19","BGSA150113002446I5J0000459","","0.000000","0","","肖萍","","","","","2015/1/14 17:15:30","0.000000","0.000000","5e20b3aca9f148c99979f55885a98077","0.000000","","0.000000","0.000000","0.000000","","","","","","0","0","","","0.000000","0","0","","","","","","","","","","","","张志芬",""
"97f129063f1d4082b6cb75df30d2d3a5","0101","1115000264","1115000264","FC1741","004001","KH06759","宝山钢铁股份有限公司","I5J0000147","RK1501080020","1115000264","I5J0000147","2015/1/8 7:25:42","I5J0000147","20","正常在库","0","018001","普通货物","PZ001001004","热卷","GZ003059","Q460C","","宝钢","","14139844","3.30*1250*C","3.300000","1250.000000","0.000000","7.870000","7.870000","7.870000","0.000000","1.000000","","","","KH06759","2015/1/8 8:52:12","","","","20","","0","","","","","Q460C","3.30*1250*C","1","2015/1/8 8:52:37","100003","2015/1/8 8:56:04","100003","0","2015/1/8 8:52:12","BGSA150107002043I5J0000147","","0.000000","0","","钱晓平","","","","","2015/1/8 8:52:26","0.000000","0.000000","97f129063f1d4082b6cb75df30d2d3a5","0.000000","","0.000000","0.000000","0.000000","","","","","","0","0","","","0.000000","0","0","","","","","","","","","","","","鲁爱红",""
"e84e75d995ec4d7a8ba7740e6b6f2f99","0101","D418605503","1232207121731","FE2272","004001","KH04928","上海鸿厚贸易有限公司","","RK1501090029","","TFDNY20150108E","2015/1/9 7:45:45","","20","正常在库","0","018001","普通货物","PZ006008001","尾卷","GZ000419","Q235B","CD000059","沙钢","","","2.75*1250*0","2.750000","1250.000000","0.000000","3.094000","3.094000","3.094000","0.000000","1.000000","","","","KH04928","2015/1/9 10:33:43","","","","20","","0","","","","","","","0","2015/1/9 10:47:25","100006","2015/1/9 10:47:31","100006","0","2015/1/9 10:33:43","","","0.000000","0","","肖燕","","","","","","0.000000","0.000000","e84e75d995ec4d7a8ba7740e6b6f2f99","1.000000","","0.000000","0.000000","0.000000","","","","","","0","0","","","0.000000","0","0","","","","","","","","","","","","周雪苓",""
"2dde325f206c4c89a8d3b964a8cb299c","0101","D419023302","1232207121762","FD2532","004001","KH04928","上海鸿厚贸易有限公司","","RK1501090029","","TFDNY20150108E","2015/1/9 7:45:45","","20","正常在库","0","018001","普通货物","PZ006008001","尾卷","GZ000419","Q235B","CD000059","沙钢","","","2.5*1250*0","2.500000","1250.000000","0.000000","1.510000","1.510000","1.510000","0.000000","1.000000","","","","KH04928","2015/1/9 10:33:43","","","","20","","0","","","","","","","0","2015/1/9 10:47:25","100006","2015/1/9 10:47:31","100006","0","2015/1/9 10:33:43","","","0.000000","0","","肖燕","","","","","","0.000000","0.000000","2dde325f206c4c89a8d3b964a8cb299c","1.000000","","0.000000","0.000000","0.000000","","","","","","0","0","","","0.000000","0","0","","","","","","","","","","","","周雪苓",""
"103c23ff8e2b49df9c06c845a68d0b9f","0101","D419023303","1232207121786","FE2292","004001","KH04928","上海鸿厚贸易有限公司","","RK1501090029","","TFDNY20150108E","2015/1/9 7:45:45","","20","正常在库","0","018001","普通货物","PZ006008001","尾卷","GZ000419","Q235B","CD000059","沙钢","","","2.5*1250*0","2.500000","1250.000000","0.000000","1.274000","1.274000","1.274000","0.000000","1.000000","","","","KH04928","2015/1/9 10:33:43","","","","20","","0","","","","","","","0","2015/1/9 10:47:25","100006","2015/1/9 10:47:31","100006","0","2015/1/9 10:33:43","","","0.000000","0","","肖燕","","","","","","0.000000","0.000000","103c23ff8e2b49df9c06c845a68d0b9f","1.000000","","0.000000","0.000000","0.000000","","","","","","0","0","","","0.000000","0","0","","","","","","","","","","","","周雪苓",""
"186cfe67c7d84796abc579772c45194a","0101","D418199002","1232207121793","FF2112","004001","KH04928","上海鸿厚贸易有限公司","","RK1501090029","","TFDNY20150108E","2015/1/9 7:45:45","","20","正常在库","0","018001","普通货物","PZ006008001","尾卷","GZ000419","Q235B","CD000059","沙钢","","","2.3*1250*0","2.300000","1250.000000","0.000000","1.438000","1.438000","1.438000","0.000000","1.000000","","","","KH04928","2015/1/9 10:33:43","","","","20","","0","","","","","","","0","2015/1/9 10:47:25","100006","2015/1/9 10:47:31","100006","0","2015/1/9 10:33:43","","","0.000000","0","","肖燕","","","","","","0.000000","0.000000","186cfe67c7d84796abc579772c45194a","1.000000","","0.000000","0.000000","0.000000","","","","","","0","0","","","0.000000","0","0","","","","","","","","","","","","周雪苓",""
"48d4f04575224eda8eb26feaa38852d8","0101","D418605403","1232207121816","FF2132","004001","KH04928","上海鸿厚贸易有限公司","","RK1501090029","","TFDNY20150108E","2015/1/9 7:45:45","","20","正常在库","0","018001","普通货物","PZ006008001","尾卷","GZ000419","Q235B","CD000059","沙钢","","","2.75*1250*0","2.750000","1250.000000","0.000000","1.140000","1.140000","1.140000","0.000000","1.000000","","","","KH04928","2015/1/9 10:33:43","","","","20","","0","","","","","","","0","2015/1/9 10:47:25","100006","2015/1/9 10:47:31","100006","0","2015/1/9 10:33:43","","","0.000000","0","","肖燕","","","","","","0.000000","0.000000","48d4f04575224eda8eb26feaa38852d8","1.000000","","0.000000","0.000000","0.000000","","","","","","0","0","","","0.000000","0","0","","","","","","","","","","","","周雪苓",""
"774b2bbcadaa40328d5b3d78a5823cd1","0101","D418605402","1232207121830","FF2182","004001","KH04928","上海鸿厚贸易有限公司","","RK1501090029","","TFDNY20150108E","2015/1/9 7:45:45","","20","正常在库","0","018001","普通货物","PZ006008001","尾卷","GZ000419","Q235B","CD000059","沙钢","","","2.75*1250*0","2.750000","1250.000000","0.000000","1.552000","1.552000","1.552000","0.000000","1.000000","","","","KH04928","2015/1/9 10:33:43","","","","20","","0","","","","","","","0","2015/1/9 10:47:25","100006","2015/1/9 10:47:31","100006","0","2015/1/9 10:33:43","","","0.000000","0","","肖燕","","","","","","0.000000","0.000000","774b2bbcadaa40328d5b3d78a5823cd1","1.000000","","0.000000","0.000000","0.000000","","","","","","0","0","","","0.000000","0","0","","","","","","","","","","","","周雪苓",""
"62af1147c4e5406a9d6daf05f3bb9e5e","0101","D418689602","1232207121878","FC2211","004001","KH04928","上海鸿厚贸易有限公司","","RK1501090029","","TFDNY20150108E","2015/1/9 7:45:45","","20","正常在库","0","018001","普通货物","PZ006008001","尾卷","GZ000419","Q235B","CD000059","沙钢","","","2.5*1250*0","2.500000","1250.000000","0.000000","1.498000","1.498000","1.498000","0.000000","1.000000","","","","KH04928","2015/1/9 10:33:43","","","","20","","0","","","","","","","0","2015/1/9 10:47:25","100006","2015/1/9 10:47:31","100006","0","2015/1/9 10:33:43","","","0.000000","0","","肖燕","","","","","","0.000000","0.000000","62af1147c4e5406a9d6daf05f3bb9e5e","1.000000","","0.000000","0.000000","0.000000","","","","","","0","0","","","0.000000","0","0","","","","","","","","","","","","周雪苓",""
"6821b243fb71459fb83c47882d795421","0101","D418899202","1232207123841","FB2611","004001","KH04928","上海鸿厚贸易有限公司","","RK1501090029","","TFDNY20150108E","2015/1/9 7:45:45","","20","正常在库","0","018001","普通货物","PZ006008001","尾卷","GZ000419","Q235B","CD000059","沙钢","","","2.3*1250*0","2.300000","1250.000000","0.000000","0.794000","0.794000","0.794000","0.000000","1.000000","","","","KH04928","2015/1/9 10:33:43","","","","20","","0","","","","","","","0","2015/1/9 10:47:25","100006","2015/1/9 10:47:31","100006","0","2015/1/9 10:33:43","","","0.000000","0","","肖燕","","","","","","0.000000","0.000000","6821b243fb71459fb83c47882d795421","1.000000","","0.000000","0.000000","0.000000","","","","","","0","0","","","0.000000","0","0","","","","","","","","","","","","周雪苓",""
"ba58f4c14f374aa6a1b0298ac74a44d1","0101","D418909702","1232207123797","FB2512","004001","KH04928","上海鸿厚贸易有限公司","","RK1501090029","","TFDNY20150108E","2015/1/9 7:45:45","","20","正常在库","0","018001","普通货物","PZ006008001","尾卷","GZ000419","Q235B","CD000059","沙钢","","","2.75*1250*0","2.750000","1250.000000","0.000000","1.112000","1.112000","1.112000","0.000000","1.000000","","","","KH04928","2015/1/9 10:33:43","","","","20","","0","","","","","","","0","2015/1/9 10:47:25","100006","2015/1/9 10:47:31","100006","0","2015/1/9 10:33:43","","","0.000000","0","","肖燕","","","","","","0.000000","0.000000","ba58f4c14f374aa6a1b0298ac74a44d1","1.000000","","0.000000","0.000000","0.000000","","","","","","0","0","","","0.000000","0","0","","","","","","","","","","","","周雪苓",""
"d99f671f49034e2b877e23115724a4f2","0101","C578100702","1232207123773","FB2312","004001","KH04928","上海鸿厚贸易有限公司","","RK1501090029","","TFDNY20150108E","2015/1/9 7:45:45","","20","正常在库","0","018001","普通货物","PZ006008001","尾卷","GZ000419","Q235B","CD000059","沙钢","","","3*1308*0","3.000000","1308.000000","0.000000","2.150000","2.150000","2.150000","0.000000","1.000000","","","","KH04928","2015/1/9 10:33:43","","","","20","","0","","","","","","","0","2015/1/9 10:47:25","100006","2015/1/9 10:47:31","100006","0","2015/1/9 10:33:43","","","0.000000","0","","肖燕","","","","","","0.000000","0.000000","d99f671f49034e2b877e23115724a4f2","1.000000","","0.000000","0.000000","0.000000","","","","","","0","0","","","0.000000","0","0","","","","","","","","","","","","周雪苓",""
"3a20ad2c72084fffb5d6c347fb623c5f","0101","C477668202","1232207123728","FB2322","004001","KH04928","上海鸿厚贸易有限公司","","RK1501090029","","TFDNY20150108E","2015/1/9 7:45:45","","20","正常在库","0","018001","普通货物","PZ006008001","尾卷","GZ000419","Q235B","CD000059","沙钢","","","3*1300*0","3.000000","1300.000000","0.000000","3.658000","3.658000","3.658000","0.000000","1.000000","","","","KH04928","2015/1/9 10:33:43","","","","20","","0","","","","","","","0","2015/1/9 10:47:25","100006","2015/1/9 10:47:31","100006","0","2015/1/9 10:33:43","","","0.000000","0","","肖燕","","","","","","0.000000","0.000000","3a20ad2c72084fffb5d6c347fb623c5f","1.000000","","0.000000","0.000000","0.000000","","","","","","0","0","","","0.000000","0","0","","","","","","","","","","","","周雪苓",""
"5c0b7911f3924928b8ec9fd9c6288cc9","0101","C578095602","1232207123711","FB2312","004001","KH04928","上海鸿厚贸易有限公司","","RK1501090029","","TFDNY20150108E","2015/1/9 7:45:45","","20","正常在库","0","018001","普通货物","PZ006008001","尾卷","GZ000419","Q235B","CD000059","沙钢","","","3*1300*0","3.000000","1300.000000","0.000000","1.978000","1.978000","1.978000","0.000000","1.000000","","","","KH04928","2015/1/9 10:33:43","","","","20","","0","","","","","","","0","2015/1/9 10:47:25","100006","2015/1/9 10:47:31","100006","0","2015/1/9 10:33:43","","","0.000000","0","","肖燕","","","","","","0.000000","0.000000","5c0b7911f3924928b8ec9fd9c6288cc9","1.000000","","0.000000","0.000000","0.000000","","","","","","0","0","","","0.000000","0","0","","","","","","","","","","","","周雪苓",""
"a4182fb7907b467596bd54b56bacd536","0101","D418361702","1232207123667","FA2711","004001","KH04928","上海鸿厚贸易有限公司","","RK1501090035","","TFDNY20150108K","2015/1/9 7:45:45","","20","正常在库","0","018001","普通货物","PZ006008001","尾卷","GZ000369","ST37-2","CD000059","沙钢","","","2.5*1000*0","2.500000","1000.000000","0.000000","1.448000","1.448000","1.448000","0.000000","1.000000","","","","KH04928","2015/1/9 10:58:34","","","","20","","0","","","","","","","0","2015/1/9 10:59:01","100006","2015/1/9 10:59:06","100006","0","2015/1/9 10:58:34","","","0.000000","0","","肖燕","","","","","","0.000000","0.000000","a4182fb7907b467596bd54b56bacd536","1.000000","","0.000000","0.000000","0.000000","","","","","","0","0","","","0.000000","0","0","","","","","","","","","","","","周雪苓",""
"48309509de9c4e20b065a4d0e7ba72ee","0101","135014571003","135014571003","FC1952","004001","KH06759","宝山钢铁股份有限公司","I5J0000246","RK1501100100","135014571003","I5J0000246","2015/1/10 19:44:50","I5J0000246","20","正常在库","0","018001","普通货物","PZ001001010","热轧卷","GZ000005","SPHC","","宝钢","","14214196","2.83*1298*C","2.830000","1298.000000","0.000000","8.950000","8.950000","8.950000","0.000000","1.000000","","","","KH06759","2015/1/10 20:05:49","","","","20","","0","","","","","SPHC","2.83*1298*C","1","2015/1/10 20:05:58","100060","2015/1/10 20:11:59","100060","0","2015/1/10 20:05:49","BGSA150110000002I5J0000246","","0.000000","0","","潘华良","","","","","2015/1/10 20:06:01","0.000000","0.000000","48309509de9c4e20b065a4d0e7ba72ee","0.000000","","0.000000","0.000000","0.000000","","","","","","0","0","","","0.000000","0","0","","","","","","","","","","","","鲁爱红",""
"97313cff41af4e76b608697909ed4ac3","0101","135022673100","135022673100","EB1221","004001","KH06759","宝山钢铁股份有限公司","I5J0000265","RK1501100111","135022673100","I5J0000265","2015/1/10 19:44:50","I5J0000265","20","正常在库","0","018001","普通货物","PZ001001010","热轧卷","GZ000180","SS400","","宝钢","","14214843","2.52*1143*C","2.520000","1143.000000","0.000000","19.810000","19.810000","19.810000","0.000000","1.000000","","","","KH06759","2015/1/10 20:52:39","","","","20","","0","","","","","SS400","2.52*1143*C","1","2015/1/10 20:52:51","100060","2015/1/10 21:00:51","100060","0","2015/1/10 20:52:39","BGSA150110000001I5J0000265","","0.000000","0","","潘华良","","","","","2015/1/10 20:52:50","0.000000","0.000000","97313cff41af4e76b608697909ed4ac3","0.000000","","0.000000","0.000000","0.000000","","","","","","0","0","","","0.000000","0","0","","","","","","","","","","","","李艳琼",""
"ac1b9848df2349ad91bde5e5786fc974","0101","135008972600","135008972600","EB1111","004001","KH06759","宝山钢铁股份有限公司","I5J0000238","RK1501100117","135008972600","I5J0000238","2015/1/10 19:44:50","I5J0000238","20","正常在库","0","018001","普通货物","PZ001001010","热轧卷","GZ002594","IF-1","","宝钢","","14213854","4.03*1417*C","4.030000","1417.000000","0.000000","26.630000","26.630000","26.630000","0.000000","1.000000","","","","KH06759","2015/1/10 20:55:28","","","","20","","0","","","","","IF-1","4.03*1417*C","1","2015/1/10 20:55:35","100060","2015/1/10 21:00:52","100060","0","2015/1/10 20:55:28","BGSA150110000001I5J0000238","","0.000000","0","","潘华良","","","","","2015/1/10 20:55:39","0.000000","0.000000","ac1b9848df2349ad91bde5e5786fc974","0.000000","","0.000000","0.000000","0.000000","","","","","","0","0","","","0.000000","0","0","","","","","","","","","","","","李艳琼",""
"09a73201719c426689c0e159cce88d82","0101","135022672800","135022672800","EB1112","004001","KH06759","宝山钢铁股份有限公司","I5J0000262","RK1501100126","135022672800","I5J0000262","2015/1/10 19:44:50","I5J0000262","20","正常在库","0","018001","普通货物","PZ001001010","热轧卷","GZ000180","SS400","","宝钢","","14214843","2.52*1143*C","2.520000","1143.000000","0.000000","19.800000","19.800000","19.800000","0.000000","1.000000","","","","KH06759","2015/1/10 20:59:49","","","","20","","0","","","","","SS400","2.52*1143*C","1","2015/1/10 20:59:53","100060","2015/1/10 21:00:52","100060","0","2015/1/10 20:59:49","BGSA150110000001I5J0000262","","0.000000","0","","潘华良","","","","","2015/1/10 20:59:58","0.000000","0.000000","09a73201719c426689c0e159cce88d82","0.000000","","0.000000","0.000000","0.000000","","","","","","0","0","","","0.000000","0","0","","","","","","","","","","","","李艳琼",""
"067c6052b77540f2b718d15208134f17","0101","1115000403","114130601901","FD1411","004001","KH06759","宝山钢铁股份有限公司","I5J0000300","RK1501100134","1115000403","I5J0000300","2015/1/10 19:44:36","I5J0000300","20","正常在库","0","018001","普通货物","PZ001001010","热轧卷","GZ002594","IF-1","","宝钢","","14139925","4.02*1290*C","4.020000","1290.000000","0.000000","8.440000","8.440000","8.440000","0.000000","1.000000","","","","KH06759","2015/1/10 21:04:47","","","","20","","0","","","","","IF-1","4.02*1290*C","1","2015/1/10 21:05:01","100060","2015/1/10 21:05:15","100060","0","2015/1/10 21:04:47","BGSA150109002014I5J0000300","","0.000000","0","","潘华良","","","","","2015/1/10 21:05:05","0.000000","0.000000","067c6052b77540f2b718d15208134f17","0.000000","","0.000000","0.000000","0.000000","","","","","","0","0","","","0.000000","0","0","","","","","","","","","","","","周雪苓",""
"73a3a64581b04347bab21005ad8d7373","0101","X141204781P","1232207121502","GA1172","004001","KH04647","山西焦煤集团国际贸易有限责任公司","","RK1501110012","","SXJM华顺达16820150111I","2015/1/11 7:40:18","","20","正常在库","0","018001","普通货物","PZ001001004","热卷","GZ000887","Q345B","CD000057","本钢","","","2*1250*0","2.000000","1250.000000","0.000000","19.250000","19.250000","19.250000","0.000000","1.000000","","","","KH04647","2015/1/11 16:53:10","","","","20","","0","","","","","","","0","2015/1/11 16:53:41","100002","2015/1/11 16:53:48","100002","0","2015/1/11 16:53:10","","","0.000000","0","","顾陆萍","","","","","","0.000000","0.000000","73a3a64581b04347bab21005ad8d7373","1.000000","","0.000000","0.000000","0.000000","","","","","","0","0","","","0.000000","0","0","","","","","","","","","","","","鲁爱红",""
"298ce19f675349049aa30b9c5280acaa","0101","115013903400","115013903400","ED1221","004001","KH06759","宝山钢铁股份有限公司","I5J0000473","RK1501140007","115013903400","I5J0000473","2015/1/14 13:01:37","I5J0000473","20","正常在库","0","018001","普通货物","PZ001001004","热卷","GZ002594","IF-1","","宝钢","GF150113100108","15140570","3.82*1371*C","3.820000","1371.000000","0.000000","27.890000","27.890000","27.890000","0.000000","1.000000","","","","KH06759","2015/1/14 12:53:38","","","","20","","0","","","","","IF-1","3.82*1371*C","1","2015/1/14 12:59:12","100003","2015/1/29 17:50:11","100006","0","2015/1/14 12:53:38","BGSA150113002449I5J0000473","","0.000000","0","","钱晓平","","","","","2015/1/14 12:53:49","0.000000","0.000000","298ce19f675349049aa30b9c5280acaa","0.000000","","0.000000","0.000000","0.000000","","","","","","0","0","","","0.000000","0","0","","","","","","","","","","","","张志芬",""
"9d5f5d59bb964884aef236c0f352337e","0101","115017907900","115017907900","HB1281","004001","KH06759","宝山钢铁股份有限公司","I5J0000478","RK1501140008","115017907900","I5J0000478","2015/1/14 13:01:37","I5J0000478","20","正常在库","0","018001","普通货物","PZ001001004","热卷","GZ000180","SS400","","宝钢","","14210283","6.23*874*C","6.230000","874.000000","0.000000","20.020000","20.020000","20.020000","0.000000","1.000000","","","","KH06759","2015/1/14 13:00:06","","","","20","","0","","","","","SS400","6.23*874*C","1","2015/1/14 13:00:37","100003","2015/1/29 17:50:11","100006","0","2015/1/14 13:00:06","BGSA150113002449I5J0000478","","0.000000","0","","钱晓平","","","","","2015/1/14 13:00:14","0.000000","0.000000","9d5f5d59bb964884aef236c0f352337e","0.000000","","0.000000","0.000000","0.000000","","","","","","0","0","","","0.000000","0","0","","","","","","","","","","","","张志芬",""
"a9798f80a97a4838aca27d563502e604","0101","115017904600","115017904600","HC1211","004001","KH06759","宝山钢铁股份有限公司","I5J0000474","RK1501140009","115017904600","I5J0000474","2015/1/14 13:01:37","I5J0000474","20","正常在库","0","018001","普通货物","PZ001001004","热卷","GZ000887","Q345B","","宝钢","","14136069","9.68*1079*C","9.680000","1079.000000","0.000000","18.600000","18.600000","18.600000","0.000000","1.000000","","","","KH06759","2015/1/14 13:01:05","","","","20","","0","","","","","Q345B","9.68*1079*C","1","2015/1/14 13:01:25","100003","2015/1/29 17:50:11","100006","0","2015/1/14 13:01:05","BGSA150113002449I5J0000474","","0.000000","0","","钱晓平","","","","","2015/1/14 13:01:16","0.000000","0.000000","a9798f80a97a4838aca27d563502e604","0.000000","","0.000000","0.000000","0.000000","","","","","","0","0","","","0.000000","0","0","","","","","","","","","","","","张志芬",""
"03b8af39bd7845b7a5a718e2a6d76a97","0101","125186751900","125186751900","HA1251","004001","KH06759","宝山钢铁股份有限公司","I5J0000439","RK1501140012","125186751900","I5J0000439","2015/1/14 13:01:37","I5J0000439","20","正常在库","0","018001","普通货物","PZ001001004","热卷","GZ002594","IF-1","","宝钢","","14214574","4.52*1031*C","4.520000","1031.000000","0.000000","23.080000","23.080000","23.080000","0.000000","1.000000","","","","KH06759","2015/1/14 13:02:52","","","","20","","0","","","","","IF-1","4.52*1031*C","1","2015/1/14 13:03:12","100003","2015/1/29 17:50:11","100006","0","2015/1/14 13:02:52","BGSA150113002450I5J0000439","","0.000000","0","","钱晓平","","","","","2015/1/14 13:03:03","0.000000","0.000000","03b8af39bd7845b7a5a718e2a6d76a97","0.000000","","0.000000","0.000000","0.000000","","","","","","0","0","","","0.000000","0","0","","","","","","","","","","","","张志芬",""
"bf8a1a91ffa24c96990a495c2f76c64f","0101","114135805700","114135805700","EC1121","004001","KH06759","宝山钢铁股份有限公司","I5J0000079","RK1501090014","114135805700","I5J0000079","2015/1/8 18:27:25","I5J0000079","20","正常在库","0","018001","普通货物","PZ001001004","热卷","GZ000498","S35C","","宝钢","","14214290","7.88*1450*C","7.880000","1450.000000","0.000000","29.240000","29.240000","29.240000","0.000000","1.000000","","","","KH06759","2015/1/9 9:25:05","","","","20","","0","","","","","S35C","7.88*1450*C","1","2015/1/9 9:25:21","100003","2015/1/9 9:36:17","100003","0","2015/1/9 9:25:05","BGSA150108000053I5J0000079","","0.000000","0","","钱晓平","","","","","2015/1/9 9:25:13","0.000000","0.000000","bf8a1a91ffa24c96990a495c2f76c64f","0.000000","","0.000000","0.000000","0.000000","","","","","","0","0","","","0.000000","0","0","","","","","","","","","","","","张志芬",""
"85defc213cf84e119718b06ceb0f6589","0101","1155000388","1155000388","FD2412","004001","KH06759","宝山钢铁股份有限公司","I5J0000506","RK1501140029","1155000388","I5J0000506","2015/1/14 13:13:13","I5J0000506","20","正常在库","0","018001","普通货物","PZ001001004","热卷","","SS490-P","","宝钢","","14140328","3.82*1160*C","3.820000","1160.000000","0.000000","6.100000","6.100000","6.100000","0.000000","1.000000","","","","KH06759","2015/1/14 13:19:53","","","","20","","0","","","","","SS490-P","3.82*1160*C","1","2015/1/14 13:20:10","100003","2015/1/14 13:33:49","100003","0","2015/1/14 13:19:53","BGSA150113002448I5J0000506","","0.000000","0","","钱晓平","","","","","2015/1/14 13:20:04","0.000000","0.000000","85defc213cf84e119718b06ceb0f6589","0.000000","","0.000000","0.000000","0.000000","","","","","","0","0","","","0.000000","0","0","","","","","","","","","","","","张永军",""
"4f348e2127884214a9b0da2b69bf8c29","0101","1155000422","1155000422","FD1672","004001","KH06759","宝山钢铁股份有限公司","I5J0000508","RK1501140031","1155000422","I5J0000508","2015/1/14 13:13:13","I5J0000508","20","正常在库","0","018001","普通货物","PZ001001004","热卷","GZ002594","IF-1","","宝钢","","15140533","5.52*1798*C","5.520000","1798.000000","0.000000","6.775000","6.775000","6.775000","0.000000","1.000000","","","","KH06759","2015/1/14 13:20:53","","","","20","","0","","","","","IF-1","5.52*1798*C","1","2015/1/14 13:21:29","100003","2015/1/14 13:33:49","100003","0","2015/1/14 13:20:53","BGSA150113002448I5J0000508","","0.000000","0","","钱晓平","","","","","2015/1/14 13:21:18","0.000000","0.000000","4f348e2127884214a9b0da2b69bf8c29","0.000000","","0.000000","0.000000","0.000000","","","","","","0","0","","","0.000000","0","0","","","","","","","","","","","","张永军",""
"d3b8d16e4e1f409d8924f3747dead53a","0101","1155000321","1155000321","FD1541","004001","KH06759","宝山钢铁股份有限公司","I5J0000492","RK1501140039","1155000321","I5J0000492","2015/1/14 13:13:13","I5J0000492","20","正常在库","0","018001","普通货物","PZ001001004","热卷","GZ002594","IF-1","","宝钢","","14139649","3.50*1333*C","3.500000","1333.000000","0.000000","6.995000","6.995000","6.995000","0.000000","1.000000","","","","KH06759","2015/1/14 13:28:14","","","","20","","0","","","","","IF-1","3.50*1333*C","1","2015/1/14 13:28:29","100003","2015/1/14 13:33:49","100003","0","2015/1/14 13:28:14","BGSA150113002448I5J0000492","","0.000000","0","","钱晓平","","","","","2015/1/14 13:28:21","0.000000","0.000000","d3b8d16e4e1f409d8924f3747dead53a","0.000000","","0.000000","0.000000","0.000000","","","","","","0","0","","","0.000000","0","0","","","","","","","","","","","","张永军",""
"bdac72cd6eab432c8c664e7aeaff8fbf","0101","1155000343","1155000343","FD1681","004001","KH06759","宝山钢铁股份有限公司","I5J0000497","RK1501140043","1155000343","I5J0000497","2015/1/14 13:13:13","I5J0000497","20","正常在库","0","018001","普通货物","PZ001001004","热卷","GZ003059","Q460C","","宝钢","","14410309","7.00*1520*C","7.000000","1520.000000","0.000000","7.760000","7.760000","7.760000","0.000000","1.000000","","","","KH06759","2015/1/14 13:30:23","","","","20","","0","","","","","Q460C","7.00*1520*C","1","2015/1/14 13:30:40","100003","2015/1/14 13:33:49","100003","0","2015/1/14 13:30:23","BGSA150113002448I5J0000497","","0.000000","0","","钱晓平","","","","","2015/1/14 13:30:33","0.000000","0.000000","bdac72cd6eab432c8c664e7aeaff8fbf","0.000000","","0.000000","0.000000","0.000000","","","","","","0","0","","","0.000000","0","0","","","","","","","","","","","","张永军",""
"ed53385a375140948dcd62d50280f790","0101","114145811300","114145811300","ED1221","004001","KH06759","宝山钢铁股份有限公司","I5J0000086","RK1501090022","114145811300","I5J0000086","2015/1/8 18:27:25","I5J0000086","20","正常在库","0","018001","普通货物","PZ001001004","热卷","GZ002782","SS540","","宝钢","","14410267","3.22*1186*C","3.220000","1186.000000","0.000000","26.580000","26.580000","26.580000","0.000000","1.000000","","","","KH06759","2015/1/9 9:31:31","","","","20","","0","","","","","SS540","3.22*1186*C","1","2015/1/9 9:31:51","100003","2015/1/9 9:36:17","100003","0","2015/1/9 9:31:31","BGSA150108000053I5J0000086","","0.000000","0","","钱晓平","","","","","2015/1/9 9:31:40","0.000000","0.000000","ed53385a375140948dcd62d50280f790","0.000000","","0.000000","0.000000","0.000000","","","","","","0","0","","","0.000000","0","0","","","","","","","","","","","","张志芬",""
"bc1a76349492416387f341212cd1f26b","0101","135011078602","135011078602","FC1742","004001","KH06759","宝山钢铁股份有限公司","I5J0000220","RK1501090039","135011078602","I5J0000220","2015/1/9 15:42:22","I5J0000220","20","正常在库","0","018001","普通货物","PZ001001004","热卷","GZ000617","SS330","","宝钢","","14214240","2.21*981*C","2.210000","981.000000","0.000000","6.550000","6.550000","6.550000","0.000000","1.000000","","","","KH06759","2015/1/9 15:36:23","","","","20","","0","","","","","SS330","2.21*981*C","1","2015/1/9 15:36:41","100003","2015/1/9 15:37:57","100003","0","2015/1/9 15:36:23","BGSA150108002046I5J0000220","","0.000000","0","","钱晓平","","","","","2015/1/9 15:36:32","0.000000","0.000000","bc1a76349492416387f341212cd1f26b","0.000000","","0.000000","0.000000","0.000000","","","","","","0","0","","","0.000000","0","0","","","","","","","","","","","","李平",""
"e4ad5d80babf4ae2904621b818d5ef6f","0101","1155000238","1155000238","EE1551","004001","KH06759","宝山钢铁股份有限公司","I5J0000327","RK1501100089","1155000238","I5J0000327","2015/1/10 13:52:46","I5J0000327","20","正常在库","0","018001","普通货物","PZ001001004","热卷","","SS490-P","","宝钢","","14140204","3.53*1497*C","3.530000","1497.000000","0.000000","21.570000","21.570000","21.570000","0.000000","1.000000","","","","KH06759","2015/1/10 14:15:27","","","","20","","0","","","","","SS490-P","3.53*1497*C","1","2015/1/10 14:15:33","1818","2015/1/10 14:19:51","1818","0","2015/1/10 14:15:27","BGSA150109002016I5J0000327","","0.000000","0","","肖萍","","","","","2015/1/10 14:15:38","0.000000","0.000000","e4ad5d80babf4ae2904621b818d5ef6f","0.000000","","0.000000","0.000000","0.000000","","","","","","0","0","","","0.000000","0","0","","","","","","","","","","","","李艳琼",""
"1fa892f788024cf98efb9f0112c76d13","0101","D500076402","1232207122158","AD2151","004001","KH04928","上海鸿厚贸易有限公司","","RK1501090043","","TFDNY20150109C","2015/1/9 15:42:22","","20","正常在库","0","018001","普通货物","PZ006008001","尾卷","GZ004008","S235JR-B","CD000059","沙钢","","","2.7*1219*0","2.700000","1219.000000","0.000000","3.780000","3.780000","3.780000","0.000000","1.000000","","","","KH04928","2015/1/9 16:49:00","","","","20","","0","","","","","","","0","2015/1/9 16:50:21","100006","2015/1/9 16:50:26","100006","0","2015/1/9 16:49:00","","","0.000000","0","","肖燕","","","","","","0.000000","0.000000","1fa892f788024cf98efb9f0112c76d13","1.000000","","0.000000","0.000000","0.000000","","","","","","0","0","","","0.000000","0","0","","","","","","","","","","","","李平",""
"e4549d97fbbd4745b3361ff7243eba5d","0101","D500076602","1232207122066","AD2122","004001","KH04928","上海鸿厚贸易有限公司","","RK1501090043","","TFDNY20150109C","2015/1/9 15:42:22","","20","正常在库","0","018001","普通货物","PZ006008001","尾卷","GZ004008","S235JR-B","CD000059","沙钢","","","2.7*1219*0","2.700000","1219.000000","0.000000","2.818000","2.818000","2.818000","0.000000","1.000000","","","","KH04928","2015/1/9 16:49:00","","","","20","","0","","","","","","","0","2015/1/9 16:50:21","100006","2015/1/9 16:50:26","100006","0","2015/1/9 16:49:00","","","0.000000","0","","肖燕","","","","","","0.000000","0.000000","e4549d97fbbd4745b3361ff7243eba5d","1.000000","","0.000000","0.000000","0.000000","","","","","","0","0","","","0.000000","0","0","","","","","","","","","","","","李平",""
"94b69d6f9a724d91ad88dcf50bf27730","0101","D500102702","1232207122059","AD2132","004001","KH04928","上海鸿厚贸易有限公司","","RK1501090043","","TFDNY20150109C","2015/1/9 15:42:22","","20","正常在库","0","018001","普通货物","PZ006008001","尾卷","GZ004008","S235JR-B","CD000059","沙钢","","","2.45*1219*0","2.450000","1219.000000","0.000000","0.840000","0.840000","0.840000","0.000000","1.000000","","","","KH04928","2015/1/9 16:49:00","","","","20","","0","","","","","","","0","2015/1/9 16:50:21","100006","2015/1/9 16:50:26","100006","0","2015/1/9 16:49:00","","","0.000000","0","","肖燕","","","","","","0.000000","0.000000","94b69d6f9a724d91ad88dcf50bf27730","1.000000","","0.000000","0.000000","0.000000","","","","","","0","0","","","0.000000","0","0","","","","","","","","","","","","李平",""
"1691266887f2491e957d60dc2619891f","0101","R4266704401","R4266704401","JA1322","004001","KH00004","成都宝钢西部贸易有限公司","TI13141100046","RK1501080006","R4266704401","I4DC000407","2015/1/8 7:26:00","TI13141100046","20","正常在库","0","018001","普通货物","PZ001001004","热卷","GZ000052","QStE420TM","","宝钢","","159956","2*1075*C","2.000000","1075.000000","0.000000","15.960000","15.960000","15.960000","0.000000","1.000000","","","","KH00004","2015/1/8 8:33:54","","","","20","","0","","","","","QStE420TM","2*1075*C","1","2015/1/8 8:34:24","100003","2015/1/8 8:35:27","100003","0","2015/1/8 8:33:54","H07500381","沪DA1243","1719.000000","0","","钱晓平","","","","","2015/1/8 8:34:09","0.000000","0.000000","1691266887f2491e957d60dc2619891f","0.000000","","0.000000","0.000000","0.000000","","","","","","0","0","","","0.000000","0","0","","","","","","","","","","","","李平",""
"441fecffa58041ad8927af6737d8a531","0101","R4266704302","R4266704302","IB1312","004001","KH00004","成都宝钢西部贸易有限公司","TI13141100046","RK1501080006","R4266704302","I4DC000407","2015/1/8 7:26:00","TI13141100046","20","正常在库","0","018001","普通货物","PZ001001004","热卷","GZ000052","QStE420TM","","宝钢","","159956","2*1075*C","2.000000","1075.000000","0.000000","14.380000","14.380000","14.380000","0.000000","1.000000","","","","KH00004","2015/1/8 8:33:54","","","","20","","0","","","","","QStE420TM","2*1075*C","1","2015/1/8 8:34:24","100003","2015/1/8 8:35:27","100003","0","2015/1/8 8:33:54","H07500381","沪DA1243","1647.000000","0","","钱晓平","","","","","2015/1/8 8:34:09","0.000000","0.000000","441fecffa58041ad8927af6737d8a531","0.000000","","0.000000","0.000000","0.000000","","","","","","0","0","","","0.000000","0","0","","","","","","","","","","","","李平",""
"b8d81ee902a34647abd43cb35bc7ef9b","0101","R4269604802","R4269604802","IC2552","004001","KH00004","成都宝钢西部贸易有限公司","TI13141100046","RK1501080006","R4269604802","I4DC000407","2015/1/8 7:26:00","TI13141100046","20","正常在库","0","018001","普通货物","PZ001001004","热卷","GZ000052","QStE420TM","","宝钢","","159956","2*1075*C","2.000000","1075.000000","0.000000","13.720000","13.720000","13.720000","0.000000","1.000000","","","","KH00004","2015/1/8 8:33:54","","","","20","","0","","","","","QStE420TM","2*1075*C","1","2015/1/8 8:34:24","100003","2015/1/8 8:35:27","100003","0","2015/1/8 8:33:54","H07500381","沪DA1243","1618.000000","0","","钱晓平","","","","","2015/1/8 8:34:09","0.000000","0.000000","b8d81ee902a34647abd43cb35bc7ef9b","0.000000","","0.000000","0.000000","0.000000","","","","","","0","0","","","0.000000","0","0","","","","","","","","","","","","李平",""
